Handle,Title,Body (HTML),Vendor,Standardized Product Type,Custom Product Type,Tags,Published,Option1 Name,Option1 Value,Option2 Name,Option2 Value,Option3 Name,Option3 Value,Variant SKU,Variant Grams,Variant Inventory Tracker,Variant Inventory Qty,Variant Inventory Policy,Variant Fulfillment Service,Variant Price,Variant Compare At Price,Variant Requires Shipping,Variant Taxable,Variant Barcode,Image Src,Image Position,Image Alt Text,Gift Card,SEO Title,SEO Description,Google Shopping / Google Product Category,Google Shopping / Gender,Google Shopping / Age Group,Google Shopping / MPN,Google Shopping / AdWords Grouping,Google Shopping / AdWords Labels,Google Shopping / Condition,Google Shopping / Custom Product,Google Shopping / Custom Label 0,Google Shopping / Custom Label 1,Google Shopping / Custom Label 2,Google Shopping / Custom Label 3,Google Shopping / Custom Label 4,Variant Image,Variant Weight Unit,Variant Tax Code,Cost per item,Status
liquidificador-philco-plq1550-turbo-12-velocidades-pulsar-1200w-preto,Liquidificador Philco PLQ1550 Turbo 12 Velocidades + Pulsar 1200W - Preto,"<span data-mce-fragment=""1"">Prepare receitas deliciosas com o </span><strong data-mce-fragment=""1"">Liquidificador Philco PLQ1550 Turbo</strong><span data-mce-fragment=""1"">! Com potência de 1200 W, ele garante mais força, eficiência e rapidez. A potência constante permite você triturar, picar, misturar e bater qualquer tipo de alimento. Até os mais duros e consistentes. São 12 velocidades que criam a consistência perfeita para cada tipo de receita. Além disso, o Liquidificador PLQ1550 Turbo da Philco tem função ice, para triturar gelo, função auto limpante, filtro e sobretampa dosadora que facilita sua rotina na cozinha!</span>",Philco,,,"",true,Title,Default Title,,,,,"",0.0,shopify,43,continue,manual,79.00,,true,true,"",https://cdn.shopify.com/s/files/1/0614/8708/7825/products/ArquivoExibir_11_c3a22b7e-61a3-46b4-a17a-4530eb5fb43a.webp?v=1647133226,1,,false,,,,,,,,,,,,,,,,,kg,,,active
liquidificador-philco-plq1550-turbo-12-velocidades-pulsar-1200w-preto,,,,,,,,,,,,,,,,,,,,,,,,,https://cdn.shopify.com/s/files/1/0614/8708/7825/products/ArquivoExibir_12.webp?v=1647133226,2,,,,,,,,,,,,,,,,,,,,,,
liquidificador-philco-plq1550-turbo-12-velocidades-pulsar-1200w-preto,,,,,,,,,,,,,,,,,,,,,,,,,https://cdn.shopify.com/s/files/1/0614/8708/7825/products/ArquivoExibir_13.webp?v=1647133226,3,,,,,,,,,,,,,,,,,,,,,,
liquidificador-philco-plq1550-turbo-12-velocidades-pulsar-1200w-preto,,,,,,,,,,,,,,,,,,,,,,,,,https://cdn.shopify.com/s/files/1/0614/8708/7825/products/ArquivoExibir_14.webp?v=1647133226,4,,,,,,,,,,,,,,,,,,,,,,
liquidificador-philco-plq1550-turbo-12-velocidades-pulsar-1200w-preto,,,,,,,,,,,,,,,,,,,,,,,,,https://cdn.shopify.com/s/files/1/0614/8708/7825/products/ArquivoExibir_15.webp?v=1647133226,5,,,,,,,,,,,,,,,,,,,,,,
panela-de-pressao-eletrica-philips-daily-collection-ri3103-com-capacidade-de-5-litros,Panela de Pressão Elétrica Philips Daily Collection RI3103 com Capacidade de 5 Litros,"<span data-mce-fragment=""1"">Arroz com seu tempero em apenas três minutos.</span><br data-mce-fragment=""1""><br data-mce-fragment=""1""><span data-mce-fragment=""1"">Com a grande variedade de programações para cozinhar, a Panela de Pressão Elétrica Philips Daily Collection ajuda a preparar alimentos difíceis em instantes.</span><br data-mce-fragment=""1""><br data-mce-fragment=""1""><span data-mce-fragment=""1"">A panela interna de alumínio é durável e oferece condução de calor mais eficaz. O revestimento dourado Whitford com cores especiais é antiarranhões e antiaderente.</span><br data-mce-fragment=""1""><span data-mce-fragment=""1"">Essa panela ainda conta com revestimento externo em aço inoxidável para facilitar a limpeza e vem com concha externa de aço inoxidável delicada e fácil de limpar.</span><br data-mce-fragment=""1""><br data-mce-fragment=""1""><span data-mce-fragment=""1"">O tempo de pressão pode ser ajustado de 0 a 60 minutos com base nas diferentes necessidades de sabor e das características dos mais diversos alimentos.</span><br data-mce-fragment=""1""><br data-mce-fragment=""1""><span data-mce-fragment=""1"">Com o timer fácil de programar a panela começa a manter a pressão, o timer começa a contagem regressiva. Quando o tempo do timer é atingido, a panela ativa o modo de aquecimento automaticamente.</span><br data-mce-fragment=""1""><br data-mce-fragment=""1""><span data-mce-fragment=""1"">A Daily Collection da Philips contém 10 tipos de cardápios, incluindo arroz branco, peixe, verduras, raízes, aves, arroz integral, carne de porco, feijão, carne e carne seca.</span><br data-mce-fragment=""1""><br data-mce-fragment=""1""><span data-mce-fragment=""1"">Mais sabor em menos tempo!</span>",Casa Varejo,,,"",true,Voltagem,110v,,,,,'131,0.0,shopify,56,deny,manual,149.00,,true,true,"",https://cdn.shopify.com/s/files/1/0614/8708/7825/products/ArquivoExibir_7_3e639a63-667c-4e32-819a-79ec49029054.webp?v=1647061132,1,,false,,,,,,,,,,,,,,,,,kg,,,active
panela-de-pressao-eletrica-philips-daily-collection-ri3103-com-capacidade-de-5-litros,,,,,,,,,220v,,,,,'132,0.0,shopify,0,deny,manual,149.00,,true,true,"",https://cdn.shopify.com/s/files/1/0614/8708/7825/products/ArquivoExibir_8_666ed62e-bad5-4f76-ac93-8f9f65018961.webp?v=1647061133,2,,,,,,,,,,,,,,,,,,,kg,,,
panela-de-pressao-eletrica-philips-daily-collection-ri3103-com-capacidade-de-5-litros,,,,,,,,,,,,,,,,,,,,,,,,,https://cdn.shopify.com/s/files/1/0614/8708/7825/products/ArquivoExibir_9_8495fc4e-f3dd-4e94-92fe-f8aa3541b27c.webp?v=1647061133,3,,,,,,,,,,,,,,,,,,,,,,
panela-de-pressao-eletrica-philips-daily-collection-ri3103-com-capacidade-de-5-litros,,,,,,,,,,,,,,,,,,,,,,,,,https://cdn.shopify.com/s/files/1/0614/8708/7825/products/ArquivoExibir_10_a0356042-1a76-4ada-aeb5-f8228d5ce5bd.webp?v=1647061133,4,,,,,,,,,,,,,,,,,,,,,,
panela-de-pressao-eletrica-philips-daily-collection-ri3103-com-capacidade-de-5-litros,,,,,,,,,,,,,,,,,,,,,,,,,https://cdn.shopify.com/s/files/1/0614/8708/7825/products/ArquivoExibir_e6d2c46b-dbcd-483e-bc63-7bd9a8ce3dc7.jpg?v=1647061133,5,,,,,,,,,,,,,,,,,,,,,,
multiprocessador-de-alimentos-philco-pmp1550p-pro-turbo-com-2-velocidades-pulsar-900w-preto,Multiprocessador de Alimentos Philco PMP1550P Pro Turbo com 2 Velocidades + Pulsar 900W - Preto,"<span data-mce-fragment=""1"">Que tal preparar deliciosas receitas com praticidade e eficiência? Sua cozinha agora estará bem equipada com o incrível </span><strong data-mce-fragment=""1"">Multiprocessador de Alimentos Philco PMP1550P Pro Turbo</strong><span data-mce-fragment=""1"">!</span><br data-mce-fragment=""1""><br data-mce-fragment=""1""><br data-mce-fragment=""1""><span data-mce-fragment=""1"">Com o </span><strong data-mce-fragment=""1"">Multiprocessador de Alimentos Philco PMP1550P</strong><span data-mce-fragment=""1""> Pro Turbo você ganha mais tempo, pois o multiprocessador é 6 em 1, sendo liquidificador, processador, fatiador, ralador, batedeira e espremedor de frutas, permitindo fazer várias receitas deliciosas com aquela ajudinha que só os aparelhos portáteis oferecem.</span><br data-mce-fragment=""1""><br data-mce-fragment=""1""><br data-mce-fragment=""1""><span data-mce-fragment=""1"">Conta com 2 velocidades + pulsar e uma incrível potência de 900W, além de uma trava de segurança, onde o aparelho só funciona quando estiver montado corretamente, garantindo além da eficiência, o conforto e bem estar de toda a sua família, reduzindo os riscos de possíveis acidentes.</span><br data-mce-fragment=""1""><br data-mce-fragment=""1""><br data-mce-fragment=""1""><span data-mce-fragment=""1"">O </span><strong data-mce-fragment=""1"">Multiprocessador de Alimentos Philco PMP1550P Pro Turbo</strong><span data-mce-fragment=""1""> acompanha: copo do liquidificador com capacidade total para 2,7 litros e capacidade útil de 1,5 litros, jarra do processador, batedeira e espremedor, com capacidade para 1,5 litros.</span><br data-mce-fragment=""1""><br data-mce-fragment=""1""><br data-mce-fragment=""1""><span data-mce-fragment=""1"">Acompanha também pilão duplo que auxilia na adição de alimentos a serem processados, garantindo segurança contra acidentes e praticidade para preparar suas receitas com rapidez e eficiência.</span><br data-mce-fragment=""1""><br data-mce-fragment=""1""><br data-mce-fragment=""1""><span data-mce-fragment=""1"">Adquira agora mesmo a praticidade e eficiência que você precisa com o incrível </span><strong data-mce-fragment=""1"">Multiprocessador de Alimentos Philco PMP1550P Pro Turbo</strong><span data-mce-fragment=""1"">!</span>",Philco,,,"",true,Voltagem,110v,,,,,'1414,0.0,shopify,23,continue,manual,99.90,,true,true,"",https://cdn.shopify.com/s/files/1/0614/8708/7825/products/ArquivoExibir_1_d7113c90-6cbc-4c11-a599-dd28f455e8c0.webp?v=1647061028,1,,false,,,,,,,,,,,,,,,,,kg,,,active
multiprocessador-de-alimentos-philco-pmp1550p-pro-turbo-com-2-velocidades-pulsar-900w-preto,,,,,,,,,220v,,,,,'1415,0.0,shopify,32,continue,manual,99.90,,true,true,"",https://cdn.shopify.com/s/files/1/0614/8708/7825/products/ArquivoExibir_2_13d9ea8e-6b5c-4adb-b992-c67cecce90a7.webp?v=1647061028,2,,,,,,,,,,,,,,,,,,,kg,,,
multiprocessador-de-alimentos-philco-pmp1550p-pro-turbo-com-2-velocidades-pulsar-900w-preto,,,,,,,,,,,,,,,,,,,,,,,,,https://cdn.shopify.com/s/files/1/0614/8708/7825/products/ArquivoExibir_3_90df308e-1b97-42be-a584-86363bba0253.webp?v=1647061028,3,,,,,,,,,,,,,,,,,,,,,,
multiprocessador-de-alimentos-philco-pmp1550p-pro-turbo-com-2-velocidades-pulsar-900w-preto,,,,,,,,,,,,,,,,,,,,,,,,,https://cdn.shopify.com/s/files/1/0614/8708/7825/products/ArquivoExibir_4_bf50a9c6-857f-4fea-beb1-1af2520e5dbb.webp?v=1647061028,4,,,,,,,,,,,,,,,,,,,,,,
multiprocessador-de-alimentos-philco-pmp1550p-pro-turbo-com-2-velocidades-pulsar-900w-preto,,,,,,,,,,,,,,,,,,,,,,,,,https://cdn.shopify.com/s/files/1/0614/8708/7825/products/ArquivoExibir_5_7bda1634-87ac-4d6f-9de2-2bb4671123fd.webp?v=1647061028,5,,,,,,,,,,,,,,,,,,,,,,
torneira-eletrica-lorenzetti-versatil-5500w-branca-cromada,Torneira Elétrica Lorenzetti Versátil 5500W  – Branca/Cromada,"<span data-mce-fragment=""1"">A Torneira Elétrica Lorenzetti Versátil, de 5500W, tem design moderno, tornando o visual da sua cozinha ainda mais elegante!</span><br data-mce-fragment=""1""><br data-mce-fragment=""1""><span data-mce-fragment=""1"">Prática e eficiente, ela conta com bica alta e móvel, facilitando muito a utilização no dia a dia.</span>",Lorenzetti,,,"",true,Voltagem,110v,,,,,'3131,0.0,shopify,12,continue,manual,64.99,,true,true,"",https://cdn.shopify.com/s/files/1/0614/8708/7825/products/ArquivoExibir_15_0609a7aa-c50e-4165-81fd-c610bf5a5110.jpg?v=1647044429,1,,false,,,,,,,,,,,,,,,,,kg,,,active
torneira-eletrica-lorenzetti-versatil-5500w-branca-cromada,,,,,,,,,220v,,,,,'3132,0.0,shopify,0,continue,manual,64.99,,true,true,"",https://cdn.shopify.com/s/files/1/0614/8708/7825/products/ArquivoExibir_16_45689d3e-89c2-409d-83e4-a65dc2f59888.jpg?v=1647044429,2,,,,,,,,,,,,,,,,,,,kg,,,
lustre-de-cristal-para-sala-de-jantar-estar-com-30cm-de-altura-base-de-inox-espelhado-de-30x30-cm,LUSTRE DE CRISTAL PARA SALA DE JANTAR / ESTAR COM 30CM DE ALTURA BASE DE INOX ESPELHADO DE 30x30 cm,"<span data-mce-fragment=""1"">A LUZ DECOR, FABRICANTE DE LUSTRES DE CRISTAL, TEM COMO OBJETIVO GARANTIR PRODUTOS DE QUALIDADE PARA SATISFAÇÃO DE NOSSOS CLIENTES ASSIM COMO TAMBÉM GARANTIR UM ATENDIMENTO DIFERENCIADO DESDE A PUBLICAÇÃO DO PRODUTO ATÉ O PÓS VENDA. TRABALHAMOS COM VARIOS MODELOS E TAMANHOS DE LUSTRES TUDO SOB MEDIDA, PARA ATENDER CADA CLIENTE DE MANEIRA EXCLUSIVA E ÚNICA.</span><br data-mce-fragment=""1""><span data-mce-fragment=""1"">EMPRESA COM CNPJ</span><br data-mce-fragment=""1""><span data-mce-fragment=""1"">DESCRIÇÃO DO PRODUTO</span><br data-mce-fragment=""1""><span data-mce-fragment=""1"">LUSTRE DE CRISTAL</span><br data-mce-fragment=""1""><span data-mce-fragment=""1"">MODELO: CHUVA DE CRISTAIS RETA</span><br data-mce-fragment=""1""><span data-mce-fragment=""1"">ALTURA: 30 CM</span><br data-mce-fragment=""1""><span data-mce-fragment=""1"">BASE DE INOX POLIDO ESPELHADO DE 30X30 CM</span><br data-mce-fragment=""1""><span data-mce-fragment=""1"">49 ESFERAS DE CRISTAIS LEGITIMOS K9 DE 30MM</span><br data-mce-fragment=""1""><span data-mce-fragment=""1"">CASTANHAS DE 14MM EM ALTO BRILHO PRESAS EM CABO DE AÇO REVESTIDO COM SILICONE</span><br data-mce-fragment=""1""><span data-mce-fragment=""1"">MODELO PARA 04 LÂMPADAS GU10 (LÂMPADAS NÃO INCLUSAS)</span><br data-mce-fragment=""1""><span data-mce-fragment=""1"">AMBIENTES: SALAS DE JANTAR, QUARTOS, RECEPÇÃO, SALÕES, SALA DE ESTAR ETC.</span><br data-mce-fragment=""1""><span data-mce-fragment=""1"">O LUSTRE JÁ VAI MONTADO, COM OS CABOS FIXADOS NA BASE E TAMBÉM NAS ESFERAS DE CRISTAIS</span><br data-mce-fragment=""1""><span data-mce-fragment=""1"">OU SEJA, O LUSTRE JÁ VAI PRONTO PARA SER INSTALADO, DEIXANDO ASSIM MAIS FACIL E CÔMODO PARA A INSTALAÇÃO DO LUSTRE, GARANTINDO ASSIM UMA MAIOR ECONOMIA NA INSTALAÇÃO.</span><br data-mce-fragment=""1""><span data-mce-fragment=""1"">É ACONSELHÁVEL RETIRAR OS SAQUINHOS PLASTICOS DAS ESFERAS DE CRISTAIS SOMENTE APÓS A FIXAÇÃO DA BASE</span>",Casa Varejo,,,"",true,Voltagem,110v,,,,,'141,0.0,shopify,25,deny,manual,159.99,,true,true,"",https://cdn.shopify.com/s/files/1/0614/8708/7825/products/ArquivoExibir_11_82ec78f5-d88c-40f0-9887-12d575240877.jpg?v=1647044306,1,,false,,,,,,,,,,,,,,,,,kg,,,active
lustre-de-cristal-para-sala-de-jantar-estar-com-30cm-de-altura-base-de-inox-espelhado-de-30x30-cm,,,,,,,,,220v,,,,,'142,0.0,shopify,0,deny,manual,159.99,,true,true,"",https://cdn.shopify.com/s/files/1/0614/8708/7825/products/ArquivoExibir_13_2c367bd2-8db9-41c1-9cec-20e09a49e777.jpg?v=1647044306,2,,,,,,,,,,,,,,,,,,,kg,,,
lustre-de-cristal-para-sala-de-jantar-estar-com-30cm-de-altura-base-de-inox-espelhado-de-30x30-cm,,,,,,,,,,,,,,,,,,,,,,,,,https://cdn.shopify.com/s/files/1/0614/8708/7825/products/ArquivoExibir_14_49206775-f37b-433e-8f97-56e528e596a6.jpg?v=1647044306,3,,,,,,,,,,,,,,,,,,,,,,
lustre-de-cristal-para-sala-de-jantar-estar-com-30cm-de-altura-base-de-inox-espelhado-de-30x30-cm,,,,,,,,,,,,,,,,,,,,,,,,,https://cdn.shopify.com/s/files/1/0614/8708/7825/products/CASA.jpg?v=1647044306,4,,,,,,,,,,,,,,,,,,,,,,
fralda-pampers-pants-premium-care-xg-128-unidades,Fralda Pampers Pants Premium Care XG - 128 Unidades,"<span data-mce-fragment=""1"">Deixe seu bebê sequinho por muito mais tempo!</span><br data-mce-fragment=""1""><br data-mce-fragment=""1""><span data-mce-fragment=""1"">Experimente a nova Pampers Premium Care Pants! Com cintura elástica 360° é fácil de pôr mesmo quando eles estão em movimento, e mantendo sua pele seca e protegida.</span>",Pampers,,,"",true,Title,Default Title,,,,,'11111,0.0,shopify,281,deny,manual,54.90,,true,true,"",https://cdn.shopify.com/s/files/1/0614/8708/7825/products/fralda1.webp?v=1646842406,1,,false,,,,,,,,,,,,,,,,,kg,,,active
fralda-pampers-pants-premium-care-xg-128-unidades,,,,,,,,,,,,,,,,,,,,,,,,,https://cdn.shopify.com/s/files/1/0614/8708/7825/products/fralda2.webp?v=1646842406,2,,,,,,,,,,,,,,,,,,,,,,
fralda-pampers-pants-premium-care-xg-128-unidades,,,,,,,,,,,,,,,,,,,,,,,,,https://cdn.shopify.com/s/files/1/0614/8708/7825/products/fralda3.webp?v=1646842406,3,,,,,,,,,,,,,,,,,,,,,,
fralda-pampers-pants-premium-care-xg-128-unidades,,,,,,,,,,,,,,,,,,,,,,,,,https://cdn.shopify.com/s/files/1/0614/8708/7825/products/fralda4.webp?v=1646842406,4,,,,,,,,,,,,,,,,,,,,,,
fralda-pampers-pants-premium-care-xg-128-unidades,,,,,,,,,,,,,,,,,,,,,,,,,https://cdn.shopify.com/s/files/1/0614/8708/7825/products/fralda5.jpg?v=1646842406,5,,,,,,,,,,,,,,,,,,,,,,
fralda-pampers-pants-premium-care-xg-128-unidades,,,,,,,,,,,,,,,,,,,,,,,,,https://cdn.shopify.com/s/files/1/0614/8708/7825/products/fralda6.jpg?v=1646842406,6,,,,,,,,,,,,,,,,,,,,,,
fralda-pampers-pants-premium-care-xg-128-unidades,,,,,,,,,,,,,,,,,,,,,,,,,https://cdn.shopify.com/s/files/1/0614/8708/7825/products/fralda7.jpg?v=1646842406,7,,,,,,,,,,,,,,,,,,,,,,
fralda-pampers-confort-sec-giga-m-160-unidades,Fralda Pampers Confort Sec Giga M - 160 Unidades,"<span data-mce-fragment=""1"">A nova Pampers conta com </span><strong data-mce-fragment=""1"">Canais de Ar</strong><span data-mce-fragment=""1""> que permitem que o ar circule livremente dentro da fralda. Assim o bumbum fica menos abafado e a pele mais arejada e sequinha durante todo o uso! Diga adeus a assaduras e desconforto do bebê!</span><br data-mce-fragment=""1""><br data-mce-fragment=""1""><br data-mce-fragment=""1""><span data-mce-fragment=""1"">Além disso, conta com </span><strong data-mce-fragment=""1"">Barreiras Antivazamentos Reforçadas</strong><span data-mce-fragment=""1"">, uma nova tecnologia que se adapta suavemente ao redor das pernas do seu bebê, proporcionando um ajuste cômodo e flexível para uma proteção anti vazamentos todas as noites.</span><br data-mce-fragment=""1"">",Pampers,,,"",true,Title,Default Title,,,,,'1112,0.0,shopify,107,continue,manual,51.90,,true,true,"",https://cdn.shopify.com/s/files/1/0614/8708/7825/products/ArquivoExibir_1_25d676ea-5468-447a-84ab-17f9cae0ef2f.jpg?v=1646335932,1,,false,,,,,,,,,,,,,,,,,kg,,,active
fralda-pampers-confort-sec-giga-m-160-unidades,,,,,,,,,,,,,,,,,,,,,,,,,https://cdn.shopify.com/s/files/1/0614/8708/7825/products/ArquivoExibir_2_41bdf4f9-406a-4c02-bcd6-eaea5ab740a7.jpg?v=1646335933,2,,,,,,,,,,,,,,,,,,,,,,
fralda-pampers-confort-sec-giga-m-160-unidades,,,,,,,,,,,,,,,,,,,,,,,,,https://cdn.shopify.com/s/files/1/0614/8708/7825/products/ArquivoExibir_3_5808549f-5bb5-401a-afe9-921e1f52e4d3.jpg?v=1646335934,3,,,,,,,,,,,,,,,,,,,,,,
fralda-pampers-confort-sec-giga-m-160-unidades,,,,,,,,,,,,,,,,,,,,,,,,,https://cdn.shopify.com/s/files/1/0614/8708/7825/products/ArquivoExibir_4_60afba04-2f03-4fca-b143-e161d45a0113.jpg?v=1646335934,4,,,,,,,,,,,,,,,,,,,,,,
fralda-pampers-confort-sec-giga-m-160-unidades,,,,,,,,,,,,,,,,,,,,,,,,,https://cdn.shopify.com/s/files/1/0614/8708/7825/products/ArquivoExibir_5_ce9755ae-b7dc-4f4c-839b-de5d64b99b5c.jpg?v=1646335934,5,,,,,,,,,,,,,,,,,,,,,,
fralda-pampers-confort-sec-giga-m-160-unidades,,,,,,,,,,,,,,,,,,,,,,,,,https://cdn.shopify.com/s/files/1/0614/8708/7825/products/ArquivoExibir_6_d942cb3d-2430-4ba4-a820-f130f91d2240.jpg?v=1646335934,6,,,,,,,,,,,,,,,,,,,,,,
fralda-pampers-confort-sec-giga-m-160-unidades,,,,,,,,,,,,,,,,,,,,,,,,,https://cdn.shopify.com/s/files/1/0614/8708/7825/products/ArquivoExibir_7_22139d0e-8b06-474c-9ffb-90d2812ee6ae.jpg?v=1646335934,7,,,,,,,,,,,,,,,,,,,,,,
fralda-pampers-confort-sec-giga-m-160-unidades,,,,,,,,,,,,,,,,,,,,,,,,,https://cdn.shopify.com/s/files/1/0614/8708/7825/products/ArquivoExibir_8_be248062-c30e-4806-bc66-bfa62c0a7e9a.jpg?v=1646335934,8,,,,,,,,,,,,,,,,,,,,,,
fralda-pampers-confort-sec-giga-m-160-unidades,,,,,,,,,,,,,,,,,,,,,,,,,https://cdn.shopify.com/s/files/1/0614/8708/7825/products/ArquivoExibir_9_d4f96764-09d9-4ff8-80f7-91a6baa482c9.jpg?v=1646335934,9,,,,,,,,,,,,,,,,,,,,,,
fralda-pampers-confort-sec-giga-m-160-unidades,,,,,,,,,,,,,,,,,,,,,,,,,https://cdn.shopify.com/s/files/1/0614/8708/7825/products/ArquivoExibir_a0fe2ceb-ed85-4ae6-9eef-8b9e5ecd7db1.jpg?v=1646335934,10,,,,,,,,,,,,,,,,,,,,,,
forno-de-micro-ondas-philco-pmo26-com-funcao-timer-espelhado-26l,Forno de Micro-ondas Philco PMO26 com Função Timer Espelhado - 26L,"<span data-mce-fragment=""1"">O </span><strong data-mce-fragment=""1"">Micro-Ondas Philco PMO26ES 26 Litros</strong><span data-mce-fragment=""1""> oferece menu fit, pratos mais saudáveis com apenas um toque. Conta com </span><strong data-mce-fragment=""1"">teclas fáceis</strong><span data-mce-fragment=""1"">: Lasanha, pizza, pipoca, brigadeiro, manter aquecido, +30S, que adiciona 30 segundos ao tempo de preparo, sem necessidade de longa programação;</span><br data-mce-fragment=""1""><br data-mce-fragment=""1""><span data-mce-fragment=""1"">O </span><strong data-mce-fragment=""1"">Forno de Micro-ondas Philco PMO26 com Função Timer Espelhado - 26L</strong><span data-mce-fragment=""1"">, tem várias funções para mais praticidade no dia a dia; </span><strong data-mce-fragment=""1"">função descongelar</strong><span data-mce-fragment=""1"">, </span><strong data-mce-fragment=""1"">função tira odor</strong><span data-mce-fragment=""1"">, </span><strong data-mce-fragment=""1"">função potência.<br data-mce-fragment=""1""><br data-mce-fragment=""1"">E ainda tem trava, que garante mais segurança para a família. O teclado pode ser bloqueado para evitar o uso indevido do produto por crianças!</strong>",Philco,,,"",true,Voltagem,110v,,,,,'1111,0.0,shopify,63,continue,manual,199.00,,true,true,"",https://cdn.shopify.com/s/files/1/0614/8708/7825/products/mic1.webp?v=1646243940,1,,false,,,,,,,,,,,,,,,,,kg,,,active
forno-de-micro-ondas-philco-pmo26-com-funcao-timer-espelhado-26l,,,,,,,,,220v,,,,,'1112,0.0,shopify,0,continue,manual,199.00,,true,true,"",https://cdn.shopify.com/s/files/1/0614/8708/7825/products/mic2.webp?v=1646243940,2,,,,,,,,,,,,,,,,,,,kg,,,
forno-de-micro-ondas-philco-pmo26-com-funcao-timer-espelhado-26l,,,,,,,,,,,,,,,,,,,,,,,,,https://cdn.shopify.com/s/files/1/0614/8708/7825/products/mic3.jpg?v=1646243940,3,,,,,,,,,,,,,,,,,,,,,,
cooktop-4-bocas-mondial-a-gas-glp-preto,Cooktop 4 Bocas Mondial a Gás GLP Preto,"<p class=""description__product-title"" data-mce-fragment=""1"">Cooktop 4 Bocas Mondial a Gás GLP Preto - CTG-01</p>
<p class=""description__text"" data-mce-fragment=""1""> <br data-mce-fragment=""1""></p>
<p><span data-mce-fragment=""1"">O Cooktop quatro bocas CTG-01 da Mondial vai revolucionar a sua forma de cozinhar. Tem acendimento automático que oferece mais conforto e agilidade na cozinha e a mesa possui 7mm de espessura, assim você tem mais segurança durante o preparo dos seus alimentos, sem contar nos detalhes em aço inox que vão deixar sua cozinha mais bonita e moderna. Conta com um queimador ultrarrápido, um rápido e dois semirrápidos. Disponível na cor preto e inox sua alimentação é a gás GLP, já a voltagem bivolt é uma ótima opção pois funciona tanto em 110 como em 220 volts. E tem mais, ele possui trempes individuais esmaltados que além de modernos garantem maior resistência, já a mesa possui material de vidro temperado, que além de ser ser linda, proporciona mais praticidade na hora da limpeza.</span></p>",Mondial,,,"",true,Title,Default Title,,,,,'111,0.0,shopify,83,continue,manual,129.99,,true,true,"",https://cdn.shopify.com/s/files/1/0614/8708/7825/products/8f566eac06b582f898c932975b144ad7.jpg?v=1646099419,1,,false,,,,,,,,,,,,,,,,,kg,,,active
cooktop-4-bocas-mondial-a-gas-glp-preto,,,,,,,,,,,,,,,,,,,,,,,,,https://cdn.shopify.com/s/files/1/0614/8708/7825/products/3e9352450291f6814e5433d19356fb4a.jpg?v=1646099423,2,,,,,,,,,,,,,,,,,,,,,,
cooktop-4-bocas-mondial-a-gas-glp-preto,,,,,,,,,,,,,,,,,,,,,,,,,https://cdn.shopify.com/s/files/1/0614/8708/7825/products/4f7f9343136eff3e381fb69538ae8e50.jpg?v=1646099423,3,,,,,,,,,,,,,,,,,,,,,,
cooktop-4-bocas-mondial-a-gas-glp-preto,,,,,,,,,,,,,,,,,,,,,,,,,https://cdn.shopify.com/s/files/1/0614/8708/7825/products/a50b4f6e67de6c8b2c80881b20e8ed1b.jpg?v=1646099423,4,,,,,,,,,,,,,,,,,,,,,,
cooktop-4-bocas-mondial-a-gas-glp-preto,,,,,,,,,,,,,,,,,,,,,,,,,https://cdn.shopify.com/s/files/1/0614/8708/7825/products/6fa9dbaf227e4d7d59e26e8104bd06dd.jpg?v=1646099423,5,,,,,,,,,,,,,,,,,,,,,,
smartphone-motorola-moto-e7-power-azul-metalico-32gb-bateria-5000-mah-tela-de-6-5-camera-traseira-dupla-android-10-e-processador-octa-core,"Smartphone Motorola Moto E7 Power Azul Metálico 32GB, Bateria 5000 mAh, Tela de 6.5”, Câmera Traseira Dupla, Android 10 e Processador Octa-Core","<p class=""description__product-title"" data-mce-fragment=""1""><span>Aproveite a vida sem parar. Com a bateria de 5000 mAh do moto e7 Power, você passa muito mais tempo com uma única carga. Jogue tudo o que quiser, assista a filmes e converse com amigos em uma tela ultra-wide incrível de 6,5?. O armazenamento de 32 GB tem espaço de sobra para fotos, filmes e músicas.</span><br><br><span>Não perca nenhum momento com a câmera dupla com foco rápido, além de ter modo Retrato e Câmera Macro. Com a velocidade do processador octa-core, é só tocar ou deslizar que o telefone responde na hora. Para usar o Google Assistente, basta um toque na lateral do moto e7 Power.</span></p>",Motorola,,,"",true,Title,Default Title,,,,,'112,0.0,shopify,174,continue,manual,419.99,,true,true,"",https://cdn.shopify.com/s/files/1/0614/8708/7825/products/arq1.webp?v=1646065991,1,,false,,,,,,,,,,,,,,,,,kg,,,active
smartphone-motorola-moto-e7-power-azul-metalico-32gb-bateria-5000-mah-tela-de-6-5-camera-traseira-dupla-android-10-e-processador-octa-core,,,,,,,,,,,,,,,,,,,,,,,,,https://cdn.shopify.com/s/files/1/0614/8708/7825/products/arq2.webp?v=1646065991,2,,,,,,,,,,,,,,,,,,,,,,
smartphone-motorola-moto-e7-power-azul-metalico-32gb-bateria-5000-mah-tela-de-6-5-camera-traseira-dupla-android-10-e-processador-octa-core,,,,,,,,,,,,,,,,,,,,,,,,,https://cdn.shopify.com/s/files/1/0614/8708/7825/products/arq3.webp?v=1646065992,3,,,,,,,,,,,,,,,,,,,,,,
smartphone-motorola-moto-e7-power-azul-metalico-32gb-bateria-5000-mah-tela-de-6-5-camera-traseira-dupla-android-10-e-processador-octa-core,,,,,,,,,,,,,,,,,,,,,,,,,https://cdn.shopify.com/s/files/1/0614/8708/7825/products/arq4.webp?v=1646065992,4,,,,,,,,,,,,,,,,,,,,,,
smartphone-motorola-moto-e7-power-azul-metalico-32gb-bateria-5000-mah-tela-de-6-5-camera-traseira-dupla-android-10-e-processador-octa-core,,,,,,,,,,,,,,,,,,,,,,,,,https://cdn.shopify.com/s/files/1/0614/8708/7825/products/arq5.webp?v=1646065993,5,,,,,,,,,,,,,,,,,,,,,,
smartphone-motorola-moto-e7-power-azul-metalico-32gb-bateria-5000-mah-tela-de-6-5-camera-traseira-dupla-android-10-e-processador-octa-core,,,,,,,,,,,,,,,,,,,,,,,,,https://cdn.shopify.com/s/files/1/0614/8708/7825/products/arq6.webp?v=1646065993,6,,,,,,,,,,,,,,,,,,,,,,
smartphone-motorola-moto-e7-power-azul-metalico-32gb-bateria-5000-mah-tela-de-6-5-camera-traseira-dupla-android-10-e-processador-octa-core,,,,,,,,,,,,,,,,,,,,,,,,,https://cdn.shopify.com/s/files/1/0614/8708/7825/products/arq7.webp?v=1646065993,7,,,,,,,,,,,,,,,,,,,,,,
smartphone-motorola-moto-e7-power-azul-metalico-32gb-bateria-5000-mah-tela-de-6-5-camera-traseira-dupla-android-10-e-processador-octa-core,,,,,,,,,,,,,,,,,,,,,,,,,https://cdn.shopify.com/s/files/1/0614/8708/7825/products/arq8.webp?v=1646065993,8,,,,,,,,,,,,,,,,,,,,,,
smartphone-motorola-moto-e7-power-azul-metalico-32gb-bateria-5000-mah-tela-de-6-5-camera-traseira-dupla-android-10-e-processador-octa-core,,,,,,,,,,,,,,,,,,,,,,,,,https://cdn.shopify.com/s/files/1/0614/8708/7825/products/arq9.webp?v=1646065993,9,,,,,,,,,,,,,,,,,,,,,,
aspirador-de-po-philco-smart-turbo-1800-vermelho,Aspirador de Pó Philco Smart Turbo 1800 - Vermelho,"<span data-mce-fragment=""1"">Limpar sua residência pode ser uma tarefa muito mais rápida, fácil e proveitosa com o incrível </span><strong data-mce-fragment=""1"">Aspirador de Pó Smart Turbo 1800 da Philco!</strong><br data-mce-fragment=""1""><br data-mce-fragment=""1""><br data-mce-fragment=""1""><span data-mce-fragment=""1"">Esse magnifico aspirador possui a mais alta performance, incríveis 1800 watts e controle eletrônico de potência, melhorando a sucção de acordo com cada canto da casa e proporcionando um produto único, que irá te auxiliar nas mais diversas tarefas!</span><br data-mce-fragment=""1""><br data-mce-fragment=""1""><br data-mce-fragment=""1""><span data-mce-fragment=""1"">Com </span><strong data-mce-fragment=""1"">‘Tecnologia Ciclone’</strong><span data-mce-fragment=""1"">, que através do tanque de poeira em formato de ciclone, evita obstrução da passagem de ar, otimizando o desempenho de sucção e tornando a tarefa mais ágil e prática.</span><br data-mce-fragment=""1""><br data-mce-fragment=""1""><br data-mce-fragment=""1""><span data-mce-fragment=""1"">O Smart Turbo 1800 ainda possui </span><strong data-mce-fragment=""1"">Filtro HEPA</strong><span data-mce-fragment=""1"">, que retém 99,5% dos ácaros e poeira, devolvendo um ar mais puro ao ambiente, perfeito para quem possui problemas respiratórios e alergias.</span><br data-mce-fragment=""1""><br data-mce-fragment=""1""><br data-mce-fragment=""1""><span data-mce-fragment=""1"">Leve e ergonômico, ele facilita o manuseio, pois também possui cabo flexível que alcança todas as áreas desejadas, cordão elétrico retrátil com 3 metros de comprimento, bocal para cantos que é perfeito para limpar quinas, pequenos espaços e interiores de carros.</span><br data-mce-fragment=""1""><br data-mce-fragment=""1""><br data-mce-fragment=""1""><span data-mce-fragment=""1"">Ideal para a limpeza de pisos, tapetes, estofados e carpetes, esse maravilhoso aspirador da Philco é super completo, e possui também uma escova como acessório, ideal para remover cabelos no tapete, estofados, almofadas, etc., e reservatório permanente com capacidade para 2,2 litros que dispensa o uso de saco descartável, tornando-o ecologicamente correto.</span><br data-mce-fragment=""1""><br data-mce-fragment=""1""><br data-mce-fragment=""1""><span data-mce-fragment=""1"">Não perca mais tempo e adquira agora mesmo o seu </span><strong data-mce-fragment=""1"">Aspirador de Pó Smart Turbo 1800</strong><span data-mce-fragment=""1"">, com qualidade e alta durabilidade que somente a </span><strong data-mce-fragment=""1"">Philco</strong><span data-mce-fragment=""1""> poderia te oferecer.</span>",Philco,,,"",true,Voltagem,110v,,,,,'85,0.0,shopify,85,continue,manual,109.00,,true,true,"",https://cdn.shopify.com/s/files/1/0614/8708/7825/products/ArquivoExibir_4_734c6d78-6771-4ced-8744-59be4aa07175.webp?v=1646065367,1,,false,,,,,,,,,,,,,,,,,kg,,,active
aspirador-de-po-philco-smart-turbo-1800-vermelho,,,,,,,,,220v,,,,,'86,0.0,shopify,0,continue,manual,109.00,,true,true,"",https://cdn.shopify.com/s/files/1/0614/8708/7825/products/ArquivoExibir_7_370f4115-be9d-4d4e-817b-b033322c4cc5.jpg?v=1646065368,2,,,,,,,,,,,,,,,,,,,kg,,,
aspirador-de-po-philco-smart-turbo-1800-vermelho,,,,,,,,,,,,,,,,,,,,,,,,,https://cdn.shopify.com/s/files/1/0614/8708/7825/products/ArquivoExibir_8_1e345fd5-b783-4463-bd76-bc0022437970.jpg?v=1646065368,3,,,,,,,,,,,,,,,,,,,,,,
aspirador-de-po-philco-smart-turbo-1800-vermelho,,,,,,,,,,,,,,,,,,,,,,,,,https://cdn.shopify.com/s/files/1/0614/8708/7825/products/ArquivoExibir_9_3b14a143-111e-4450-8da7-73f941ac4d4b.jpg?v=1646065368,4,,,,,,,,,,,,,,,,,,,,,,
aspirador-de-po-philco-smart-turbo-1800-vermelho,,,,,,,,,,,,,,,,,,,,,,,,,https://cdn.shopify.com/s/files/1/0614/8708/7825/products/ArquivoExibir_10_594a66c2-aeca-4475-879a-f73ff7bf4263.jpg?v=1646065368,5,,,,,,,,,,,,,,,,,,,,,,
aspirador-de-po-electrolux-lite-lit31-1400w,Aspirador de Pó Electrolux Lite LIT31 1400W,"<span data-mce-fragment=""1"">Moderno, bonito e eficiente, o </span><strong data-mce-fragment=""1"">Aspirador de Pó Electrolux Lite LIT31</strong><span data-mce-fragment=""1""> transforma sua rotina de limpeza para algo muito mais prático. Com 1400W de potência e acessórios completos, para diferentes tipos de limpeza, você tem grande alcance de área para limpar, assim, diminui as trocas de tomadas e otimiza seu tempo.</span><br data-mce-fragment=""1""><br data-mce-fragment=""1""><span data-mce-fragment=""1"">Ambientes mais limpos e livres de impurezas, graças ao sistema de tripla filtragem com filtro HEPA que remove até 95% das impurezas do ambiente. O sistema de reservatório não necessita de saco coletor, ou seja, muito mais prático e fácil de limpar. Com 1 litro de capacidade para pó, você maior área de alcance e diminui as trocas de tomadas. Possui baixo nível de ruído, perfeitos para todos os tipos de ambientes, pisos, estofados e cantos de difícil acesso.</span>",Electrolux,,,"",true,Voitagem,110v,,,,,'155,0.0,shopify,327,continue,manual,79.00,,true,true,"",https://cdn.shopify.com/s/files/1/0614/8708/7825/products/ArquivoExibir_3.webp?v=1646048947,1,,false,,,,,,,,,,,,,,,,,kg,,,active
aspirador-de-po-electrolux-lite-lit31-1400w,,,,,,,,,220v,,,,,'156,0.0,shopify,-3,continue,manual,79.00,,true,true,"",https://cdn.shopify.com/s/files/1/0614/8708/7825/products/ArquivoExibir_5_925cb6e7-d9c7-4a79-a637-9900d0b8c664.jpg?v=1646048947,2,,,,,,,,,,,,,,,,,,,kg,,,
aspirador-de-po-electrolux-lite-lit31-1400w,,,,,,,,,,,,,,,,,,,,,,,,,https://cdn.shopify.com/s/files/1/0614/8708/7825/products/ArquivoExibir_6_3eae354a-a996-49c8-88e0-c4b3d5c34ca5.jpg?v=1646048947,3,,,,,,,,,,,,,,,,,,,,,,
fralda-pampers-confort-sec-giga-g-140-unidades,Fralda Pampers Confort Sec Giga G - 140 Unidades,"<p><span data-mce-fragment=""1"">Contém: 140 Unidades.</span></p>
<p><span data-mce-fragment=""1"">A nova Pampers conta com </span><strong data-mce-fragment=""1"">Canais de Ar</strong><span data-mce-fragment=""1""> que permitem que o ar circule livremente dentro da fralda. Assim o bumbum fica menos abafado e a pele mais arejada e sequinha durante todo o uso! Diga adeus a assaduras e desconforto do bebê!</span><br></p>
<p><br data-mce-fragment=""1""><br data-mce-fragment=""1""><span data-mce-fragment=""1"">Além disso, conta com </span><strong data-mce-fragment=""1"">Barreiras Antivazamentos Reforçadas</strong><span data-mce-fragment=""1"">, uma nova tecnologia que se adapta suavemente ao redor das pernas do seu bebê, proporcionando um ajuste cômodo e flexível para uma proteção anti vazamentos todas as noites.</span></p>
<p> </p>
<p> </p>",Pampers,,,"",true,Title,Default Title,,,,,'1336,2000.0,shopify,96,continue,manual,49.00,,true,true,"",https://cdn.shopify.com/s/files/1/0614/8708/7825/products/ArquivoExibir_1_122383a9-9af6-4328-bf11-71de973f003c.jpg?v=1646004058,1,,false,,,,,,,,,,,,,,,,,kg,,,active
fralda-pampers-confort-sec-giga-g-140-unidades,,,,,,,,,,,,,,,,,,,,,,,,,https://cdn.shopify.com/s/files/1/0614/8708/7825/products/ArquivoExibir_2_99bd5392-f7f9-4817-a347-f0114f3cca3d.jpg?v=1646004058,2,,,,,,,,,,,,,,,,,,,,,,
fralda-pampers-confort-sec-giga-g-140-unidades,,,,,,,,,,,,,,,,,,,,,,,,,https://cdn.shopify.com/s/files/1/0614/8708/7825/products/ArquivoExibir_2_1ed7f7b5-944f-4779-ad9b-fbd9f9042cec.webp?v=1646004058,3,,,,,,,,,,,,,,,,,,,,,,
fralda-pampers-confort-sec-giga-g-140-unidades,,,,,,,,,,,,,,,,,,,,,,,,,https://cdn.shopify.com/s/files/1/0614/8708/7825/products/ArquivoExibir_4_8fa8d9a4-b11d-4c9d-82df-3452970ef0e1.jpg?v=1646004058,4,,,,,,,,,,,,,,,,,,,,,,
cozinha-compacta-itatiaia-acacia-com-10-portas-1-gaveta-e-6-prateleiras,"Cozinha Compacta Itatiaia Acácia com 10 Portas, 1 Gaveta e 6 Prateleiras","<span data-mce-fragment=""1"">A </span><strong data-mce-fragment=""1"">cozinha Itatiaia Acácia</strong><span data-mce-fragment=""1""> é estruturada por itens essenciais para o seu cotidiano! Ela dispõe de um design funcional, espaço interno sem igual, o que permite organizar tranquilamente os seus utensílios, mantimentos e eletroportáteis, entre outros itens do dia a dia.</span><br data-mce-fragment=""1""><br data-mce-fragment=""1""><br data-mce-fragment=""1""><br data-mce-fragment=""1""><span data-mce-fragment=""1"">Feita em MDP, ela conta com acabamento de primeira linha, o que valoriza muito mais cada componente. Os puxadores externos são resistentes, as prateleiras internas possibilitam uma melhor divisão, os pés altos oferecem ótima estabilidade e os nichos podem ser usados para colocação de itens decorativos e/ou condimentos.</span><br data-mce-fragment=""1""><br data-mce-fragment=""1""><br data-mce-fragment=""1""><br data-mce-fragment=""1""><span data-mce-fragment=""1"">Além de tudo isso, o balcão acompanha um maravilhoso tampo que pode ajudar nas tarefas diárias.</span><br data-mce-fragment=""1""><br data-mce-fragment=""1""><br data-mce-fragment=""1""><br data-mce-fragment=""1""><span data-mce-fragment=""1"">Gostou? Então não perca mais tempo e compre agora mesmo essa belíssima cozinha Acácia da Itatiaia.</span>",Casa Varejo,,,"",true,Cor,Castanho,,,,,'15,0.0,shopify,71,continue,manual,529.99,,true,true,"",https://cdn.shopify.com/s/files/1/0614/8708/7825/products/ArquivoExibir_21.webp?v=1645743751,1,,false,,,,,,,,,,,,,,,,,kg,,,active
cozinha-compacta-itatiaia-acacia-com-10-portas-1-gaveta-e-6-prateleiras,,,,,,,,,,,,,,,,,,,,,,,,,https://cdn.shopify.com/s/files/1/0614/8708/7825/products/ArquivoExibir_22.webp?v=1645743751,2,,,,,,,,,,,,,,,,,,,,,,
cozinha-compacta-itatiaia-acacia-com-10-portas-1-gaveta-e-6-prateleiras,,,,,,,,,,,,,,,,,,,,,,,,,https://cdn.shopify.com/s/files/1/0614/8708/7825/products/ArquivoExibir_23.webp?v=1645743751,3,,,,,,,,,,,,,,,,,,,,,,
cozinha-compacta-itatiaia-acacia-com-10-portas-1-gaveta-e-6-prateleiras,,,,,,,,,,,,,,,,,,,,,,,,,https://cdn.shopify.com/s/files/1/0614/8708/7825/products/ArquivoExibir_24.webp?v=1645743752,4,,,,,,,,,,,,,,,,,,,,,,
cozinha-compacta-itatiaia-acacia-com-10-portas-1-gaveta-e-6-prateleiras,,,,,,,,,,,,,,,,,,,,,,,,,https://cdn.shopify.com/s/files/1/0614/8708/7825/products/ArquivoExibir_25.webp?v=1645743752,5,,,,,,,,,,,,,,,,,,,,,,
cozinha-compacta-itatiaia-acacia-com-10-portas-1-gaveta-e-6-prateleiras,,,,,,,,,,,,,,,,,,,,,,,,,https://cdn.shopify.com/s/files/1/0614/8708/7825/products/ArquivoExibir_26.jpg?v=1645743752,6,,,,,,,,,,,,,,,,,,,,,,
cozinha-compacta-itatiaia-acacia-com-10-portas-1-gaveta-e-6-prateleiras,,,,,,,,,,,,,,,,,,,,,,,,,https://cdn.shopify.com/s/files/1/0614/8708/7825/products/ArquivoExibir_27.jpg?v=1645743752,7,,,,,,,,,,,,,,,,,,,,,,
cozinha-compacta-itatiaia-acacia-com-10-portas-1-gaveta-e-6-prateleiras,,,,,,,,,,,,,,,,,,,,,,,,,https://cdn.shopify.com/s/files/1/0614/8708/7825/products/ArquivoExibir_27.webp?v=1645743753,8,,,,,,,,,,,,,,,,,,,,,,
cozinha-compacta-itatiaia-acacia-com-10-portas-1-gaveta-e-6-prateleiras,,,,,,,,,,,,,,,,,,,,,,,,,https://cdn.shopify.com/s/files/1/0614/8708/7825/products/ArquivoExibir_28.webp?v=1645743753,9,,,,,,,,,,,,,,,,,,,,,,
cozinha-compacta-itatiaia-acacia-com-10-portas-1-gaveta-e-6-prateleiras,,,,,,,,,,,,,,,,,,,,,,,,,https://cdn.shopify.com/s/files/1/0614/8708/7825/products/ArquivoExibir_29.jpg?v=1645743753,10,,,,,,,,,,,,,,,,,,,,,,
cozinha-compacta-itatiaia-acacia-com-10-portas-1-gaveta-e-6-prateleiras,,,,,,,,,,,,,,,,,,,,,,,,,https://cdn.shopify.com/s/files/1/0614/8708/7825/products/ArquivoExibir_30.jpg?v=1645743753,11,,,,,,,,,,,,,,,,,,,,,,
ventilador-de-coluna-40cm-mondial-super-power-vsp-40c-6-pas-3-velocidades-preto,Ventilador de Coluna 40cm Mondial Super Power VSP-40C 6 Pás 3 Velocidades Preto,"<span data-mce-fragment=""1"">Com 40cm e 3 velocidades, o Ventilador Mondial Super Power VSP-40C é vento mais forte. Ele tem baixo nível de ruído, ajuste de altura, sistema oscilante lateral, inclinação vertical regulável, além ser compacto e ter baixo consumo. Sua hélice tem design aerodinâmico, o que proporciona um vento forte. Como ele faz menos barulho, em qualquer uma das 3 velocidades, você dorme tranquilamente. Ele tem regulagem de altura de 1,19 a 1,50m. Para ambientes mais amplos, você pode usar o sistema oscilante. A inclinação vertical regulável direciona o fluxo de ar para cima ou para baixo. Como a grade frontal é removível, ele ainda é fácil de montar e desmontar para limpeza. Ele também é fácil de carregar porque tem uma alça para transporte. A base antiderrapante traz mais segurança.</span>",Casa Varejo,,,"",true,Voltagem,110v,,,,,'144,0.0,shopify,45,continue,manual,89.00,,true,true,"",https://cdn.shopify.com/s/files/1/0614/8708/7825/products/ArquivoExibir_17.webp?v=1645743478,1,,false,,,,,,,,,,,,,,,,,kg,,,active
ventilador-de-coluna-40cm-mondial-super-power-vsp-40c-6-pas-3-velocidades-preto,,,,,,,,,220v,,,,,'145,0.0,shopify,76,continue,manual,89.00,,true,true,"",https://cdn.shopify.com/s/files/1/0614/8708/7825/products/ArquivoExibir_18.webp?v=1645743478,2,,,,,,,,,,,,,,,,,,,kg,,,
ventilador-de-coluna-40cm-mondial-super-power-vsp-40c-6-pas-3-velocidades-preto,,,,,,,,,,,,,,,,,,,,,,,,,https://cdn.shopify.com/s/files/1/0614/8708/7825/products/ArquivoExibir_25.jpg?v=1645743478,3,,,,,,,,,,,,,,,,,,,,,,
ventilador-de-mesa-40cm-mondial-super-power-vsp-40-b-6-pas-3-velocidades-preto,Ventilador de Mesa 40cm Mondial Super Power VSP-40-B 6 Pás 3 Velocidades Preto,"<span data-mce-fragment=""1"">Com 40 cm e 3 velocidades, o Ventilador Mondial Super Power VSP-40-B é vento mais forte. Ele tem baixo nível de ruído, ajuste de altura, sistema oscilante lateral, inclinação vertical regulável, além ser compacto e ter baixo consumo. Sua hélice tem design aerodinâmico, o que proporciona um vento forte. Como ele faz menos barulho, em qualquer uma das 3 velocidades, você dorme tranquilamente. Para ambientes mais amplos, você pode usar o sistema oscilante. A inclinação vertical regulável direciona o fluxo de ar para cima ou para baixo. Como a grade frontal é removível, ele ainda é fácil de montar e desmontar para limpeza. Ele também é fácil de carregar porque tem uma alça para transporte. A base antiderrapante traz mais segurança.</span>",Mondial,,,"",true,Voltagem,110v,,,,,'145,0.0,shopify,133,continue,manual,69.00,,true,true,"",https://cdn.shopify.com/s/files/1/0614/8708/7825/products/ArquivoExibir_16.webp?v=1645743272,1,,false,,,,,,,,,,,,,,,,,kg,,,active
ventilador-de-mesa-40cm-mondial-super-power-vsp-40-b-6-pas-3-velocidades-preto,,,,,,,,,220v,,,,,'146,0.0,shopify,126,continue,manual,69.00,,true,true,"",https://cdn.shopify.com/s/files/1/0614/8708/7825/products/ArquivoExibir_22.jpg?v=1645743272,2,,,,,,,,,,,,,,,,,,,kg,,,
ventilador-de-mesa-40cm-mondial-super-power-vsp-40-b-6-pas-3-velocidades-preto,,,,,,,,,,,,,,,,,,,,,,,,,https://cdn.shopify.com/s/files/1/0614/8708/7825/products/ArquivoExibir_23.jpg?v=1645743272,3,,,,,,,,,,,,,,,,,,,,,,
ventilador-de-mesa-40cm-mondial-super-power-vsp-40-b-6-pas-3-velocidades-preto,,,,,,,,,,,,,,,,,,,,,,,,,https://cdn.shopify.com/s/files/1/0614/8708/7825/products/ArquivoExibir_24.jpg?v=1645743272,4,,,,,,,,,,,,,,,,,,,,,,
refrigerador-electrolux-tf55s-com-prateleira-reversivel-platinum-431l,Refrigerador Electrolux TF55S com Prateleira Reversível Platinum – 431L,"<span data-mce-fragment=""1"">Sua cozinha ficará muito mais bonita e equipada!</span><br data-mce-fragment=""1""><br data-mce-fragment=""1""><span data-mce-fragment=""1"">Contar com o que há de melhor na cozinha é o seu desejo? Então o Refrigerador Electrolux TF55S é o alvo de sua escolha. Visual bonito deixará sua cozinha ainda mais elegante com seu ar moderno.</span><br data-mce-fragment=""1""><br data-mce-fragment=""1""><span data-mce-fragment=""1"">Com o maior freezer do mercado*, de 128 litros, você consegue conservar alimentos de diferentes tamanhos.</span><br data-mce-fragment=""1""><span data-mce-fragment=""1"">Possui aproveitamento interno com as prateleiras reversíveis no freezer e no refrigerador, adaptando o espaço interno para guardar os mais diversos tipos de embalagens e alimentos.</span><br data-mce-fragment=""1""><br data-mce-fragment=""1""><span data-mce-fragment=""1"">Sua tecnologia Icemax, conta com compartimento para produção de gelo com exclusivo sistema sem respingos, sem mistura de odores e fácil de remover. Além disso, conta com gaveta para verduras, frutas e legumes.</span>",Electrolux,,,"",true,Title,Default Title,,,,,'50,0.0,shopify,35,continue,manual,1299.00,,true,true,"",https://cdn.shopify.com/s/files/1/0614/8708/7825/products/e1.webp?v=1645743052,1,,false,,,,,,,,,,,,,,,,,kg,,,active
refrigerador-electrolux-tf55s-com-prateleira-reversivel-platinum-431l,,,,,,,,,,,,,,,,,,,,,,,,,https://cdn.shopify.com/s/files/1/0614/8708/7825/products/e2.webp?v=1645743052,2,,,,,,,,,,,,,,,,,,,,,,
refrigerador-electrolux-tf55s-com-prateleira-reversivel-platinum-431l,,,,,,,,,,,,,,,,,,,,,,,,,https://cdn.shopify.com/s/files/1/0614/8708/7825/products/e3.webp?v=1645743052,3,,,,,,,,,,,,,,,,,,,,,,
refrigerador-electrolux-tf55s-com-prateleira-reversivel-platinum-431l,,,,,,,,,,,,,,,,,,,,,,,,,https://cdn.shopify.com/s/files/1/0614/8708/7825/products/e4.webp?v=1645743052,4,,,,,,,,,,,,,,,,,,,,,,
refrigerador-electrolux-tf55s-com-prateleira-reversivel-platinum-431l,,,,,,,,,,,,,,,,,,,,,,,,,https://cdn.shopify.com/s/files/1/0614/8708/7825/products/e5.webp?v=1645743053,5,,,,,,,,,,,,,,,,,,,,,,
refrigerador-electrolux-tf55s-com-prateleira-reversivel-platinum-431l,,,,,,,,,,,,,,,,,,,,,,,,,https://cdn.shopify.com/s/files/1/0614/8708/7825/products/e6.webp?v=1645743053,6,,,,,,,,,,,,,,,,,,,,,,
refrigerador-electrolux-tf55s-com-prateleira-reversivel-platinum-431l,,,,,,,,,,,,,,,,,,,,,,,,,https://cdn.shopify.com/s/files/1/0614/8708/7825/products/e7.webp?v=1645743053,7,,,,,,,,,,,,,,,,,,,,,,
refrigerador-electrolux-tf55s-com-prateleira-reversivel-platinum-431l,,,,,,,,,,,,,,,,,,,,,,,,,https://cdn.shopify.com/s/files/1/0614/8708/7825/products/e8.webp?v=1645743053,8,,,,,,,,,,,,,,,,,,,,,,
refrigerador-electrolux-tf55s-com-prateleira-reversivel-platinum-431l,,,,,,,,,,,,,,,,,,,,,,,,,https://cdn.shopify.com/s/files/1/0614/8708/7825/products/e9.webp?v=1645743053,9,,,,,,,,,,,,,,,,,,,,,,
smartphone-samsung-galaxy-a12-branco-64gb-tela-infinita-de-6-5-camera-quadrupla-bateria-5000mah-4gb-ram-e-processador-exynos-850o,"Smartphone Samsung Galaxy A12 Branco 64GB, Tela Infinita de 6.5"", Câmera Quádrupla, Bateria 5000mAh, 4GB RAM e Processador Exynos 850O","<p><strong>PRODUTO ORIGINAL DE FÁBRICA</strong></p>
<p><strong>GARANTIA DE 6 MESES SAMSUNG</strong></p>
<p><span data-mce-fragment=""1"">O Galaxy A12 conta com poderosas soluções para elevar a experiência do usuário e facilitar sua rotina. Seu conjunto de câmeras, por exemplo, conta com quatro lentes. Na parte traseira, há uma câmera principal de 48 MP, uma câmera ultra wide de 5MP, sensor de profundidade de 2 MP e uma Macro de 2 MP. Já na parte frontal, o sensor é de 8 MP.</span><br data-mce-fragment=""1""><br data-mce-fragment=""1""><br data-mce-fragment=""1""><span data-mce-fragment=""1"">O Galaxy A12 conta com o processador Exynos 850 de oito núcleos, 4 GB de memória RAM e 64 GB de memória interna com capacidade de expansão com cartões microSD de até 1 TB, garantindo muito espaço para armazenamento de aplicativos, fotos e vídeos. A bateria, com 5.000 mAh de capacidade, torna possível longos períodos de utilização. Já sua tela Infinita de 6.5, conta com resolução HD+, que oferece uma ótima qualidade de imagem e proporciona uma experiência visual mais imersiva.</span></p>",Samsung,,,"",true,Title,Default Title,,,,,'150,0.0,shopify,395,continue,manual,449.90,,true,true,"",https://cdn.shopify.com/s/files/1/0614/8708/7825/products/ArquivoExibir_10.webp?v=1645742848,1,,false,,,,,,,,,,,,,,,,,kg,,,active
smartphone-samsung-galaxy-a12-branco-64gb-tela-infinita-de-6-5-camera-quadrupla-bateria-5000mah-4gb-ram-e-processador-exynos-850o,,,,,,,,,,,,,,,,,,,,,,,,,https://cdn.shopify.com/s/files/1/0614/8708/7825/products/ArquivoExibir_11.webp?v=1645742848,2,,,,,,,,,,,,,,,,,,,,,,
smartphone-samsung-galaxy-a12-branco-64gb-tela-infinita-de-6-5-camera-quadrupla-bateria-5000mah-4gb-ram-e-processador-exynos-850o,,,,,,,,,,,,,,,,,,,,,,,,,https://cdn.shopify.com/s/files/1/0614/8708/7825/products/ArquivoExibir_19.jpg?v=1645742848,3,,,,,,,,,,,,,,,,,,,,,,
smartphone-samsung-galaxy-a12-branco-64gb-tela-infinita-de-6-5-camera-quadrupla-bateria-5000mah-4gb-ram-e-processador-exynos-850o,,,,,,,,,,,,,,,,,,,,,,,,,https://cdn.shopify.com/s/files/1/0614/8708/7825/products/ArquivoExibir_20.jpg?v=1645742849,4,,,,,,,,,,,,,,,,,,,,,,
fritadeira-eletrica-mondial-afn-40-fb-4-litros-com-timer,Fritadeira Elétrica Mondial AFN-40-FB 4 Litros com Timer,"<span data-mce-fragment=""1"">Fritadeira Elétrica Mondial AFN-40-FB 4 Litros com Timer</span><br data-mce-fragment=""1""><br data-mce-fragment=""1""><span data-mce-fragment=""1"">Prepare várias receitas de forma prática e saudável com a Fritadeira Elétrica da Mondial. Agora você pode fritar seus alimentos preferidos com muita qualidade, sem usar óleo e o melhor, sem fazer sujeira. Confira mais detalhes:</span><br data-mce-fragment=""1""><span data-mce-fragment=""1"">Controle a temperatura</span><br data-mce-fragment=""1""><span data-mce-fragment=""1"">Permitindo o controle da temperatura até 200°C, você escolhe a temperatura ideal para diversos tipos de alimentos.</span><br data-mce-fragment=""1""><span data-mce-fragment=""1"">Função timer</span><br data-mce-fragment=""1""><span data-mce-fragment=""1"">Com timer de 60 minutos, emitindo aviso sonoro para você preparar os alimentos no tempo certo. E a ainda desliga o aparelho automaticamente ao término do preparo.</span><br data-mce-fragment=""1""><span data-mce-fragment=""1"">Luz indicando funcionamento</span><br data-mce-fragment=""1""><span data-mce-fragment=""1"">Com lâmpadas piloto, indicam o funcionamento e o aquecimento do produto.</span><br data-mce-fragment=""1""><span data-mce-fragment=""1"">Sobre a marca: qualidade Mondial</span><br data-mce-fragment=""1""><span data-mce-fragment=""1"">A Mondial é uma marca brasileira que possui uma das maiores linhas de produtos do segmento eletrodoméstico portáteis. Realizando constantemente pesquisas junto aos consumidores e o empenho dos seus técnicos e engenheiros, a Mondial oferece inovação e qualidade. Hoje a Mondial atende todo o território nacional, e exporta para mais de 20 países. Toda está dedicação resultou em conquistas de Certificados como o ISO 9001 na Versão 2015, o Certificado SGS ICS do Inmetro e o Certificado Bureau Veritas que garante que os produtos estão dentro dos padrões exigidos em regulamento técnicos nacionais e internacionais.</span><br data-mce-fragment=""1""><br data-mce-fragment=""1""><span data-mce-fragment=""1"">Características:</span><br data-mce-fragment=""1""><span data-mce-fragment=""1"">Marca: Mondial</span><br data-mce-fragment=""1""><span data-mce-fragment=""1"">Modelo: AFN-40-FB</span><br data-mce-fragment=""1""><span data-mce-fragment=""1"">Tipo: Fritadeira elétrica</span><br data-mce-fragment=""1""><span data-mce-fragment=""1"">Capacidade: 4 litros</span><br data-mce-fragment=""1""><span data-mce-fragment=""1"">Timer: Sim</span><br data-mce-fragment=""1""><span data-mce-fragment=""1"">Temperatura: Até 200°C</span><br data-mce-fragment=""1""><span data-mce-fragment=""1"">Cesto removível: Sim</span><br data-mce-fragment=""1""><span data-mce-fragment=""1"">Trava de segurança: Sim</span><br data-mce-fragment=""1""><span data-mce-fragment=""1"">Luz indicadora de funcionamento: Sim</span><br data-mce-fragment=""1""><span data-mce-fragment=""1"">Alças: Sim</span><br data-mce-fragment=""1""><br data-mce-fragment=""1""><span data-mce-fragment=""1"">Conteúdo da embalagem</span><br data-mce-fragment=""1""><span data-mce-fragment=""1"">01 fritadeira elétrica e manual de instruções</span><br data-mce-fragment=""1""><br data-mce-fragment=""1""><span data-mce-fragment=""1"">Dimensões:</span><br data-mce-fragment=""1""><span data-mce-fragment=""1"">Altura: 34 cm</span><br data-mce-fragment=""1""><span data-mce-fragment=""1"">Largura: 36 cm</span><br data-mce-fragment=""1""><span data-mce-fragment=""1"">Profundidade: 36 cm</span><br data-mce-fragment=""1""><span data-mce-fragment=""1"">Peso: 4,85 kg</span><br data-mce-fragment=""1""><br data-mce-fragment=""1""><span data-mce-fragment=""1"">Garantia do Fornecedor: 12 meses</span><br data-mce-fragment=""1""><br>",Mondial,,,"",true,Voltagem,110v,,,,,'336,0.0,shopify,219,continue,manual,113.90,,true,true,"",https://cdn.shopify.com/s/files/1/0614/8708/7825/products/ArquivoExibir_14.jpg?v=1645714008,1,,false,,,,,,,,,,,,,,,,,kg,,,active
fritadeira-eletrica-mondial-afn-40-fb-4-litros-com-timer,,,,,,,,,220v,,,,,'337,0.0,shopify,-1,continue,manual,113.90,,true,true,"",https://cdn.shopify.com/s/files/1/0614/8708/7825/products/ArquivoExibir_15.jpg?v=1645714008,2,,,,,,,,,,,,,,,,,,,kg,,,
fritadeira-eletrica-mondial-afn-40-fb-4-litros-com-timer,,,,,,,,,,,,,,,,,,,,,,,,,https://cdn.shopify.com/s/files/1/0614/8708/7825/products/ArquivoExibir_16.jpg?v=1645714009,3,,,,,,,,,,,,,,,,,,,,,,
fritadeira-eletrica-mondial-afn-40-fb-4-litros-com-timer,,,,,,,,,,,,,,,,,,,,,,,,,https://cdn.shopify.com/s/files/1/0614/8708/7825/products/ArquivoExibir_17.jpg?v=1645714009,4,,,,,,,,,,,,,,,,,,,,,,
ar-condicionado-split-9-000-btus-philco-pas9200f1-frio-220v,Ar-Condicionado Split 9.000 BTUs Philco PAS9200F1 Frio 220V,"<span data-mce-fragment=""1"">Ter um ar-condicionado no conforto do seu lar é sinônimo de conforto e bem-estar. Então deixe sua casa mais aconchegante com o Ar-condicionado Philco PAS9200F1. Com funções que facilitam o dia a dia, o PAS9200F1 tem capacidade de 9.000 BTUs, ideal para residências. Possui design compacto Top Discharge ocupando menos espaço para a instalação. É equipado com a Funções Sleep, que ajusta automaticamente a melhor condição para o ambiente durante a noite e com a Função Timer, para programar em até 24h o tempo para ligar ou desligar o aparelho. Sua função Swing permite distribuir melhor o ar refrigerando os ambientes por igual.</span>",Philco,,,"",true,Title,Default Title,,,,,'118,20000.0,shopify,117,continue,manual,679.99,,true,true,"",https://cdn.shopify.com/s/files/1/0614/8708/7825/products/ArquivoExibir_7.webp?v=1645713822,1,,false,,,,,,,,,,,,,,,,,kg,,,active
ar-condicionado-split-9-000-btus-philco-pas9200f1-frio-220v,,,,,,,,,,,,,,,,,,,,,,,,,https://cdn.shopify.com/s/files/1/0614/8708/7825/products/ArquivoExibir_8.webp?v=1645713822,2,,,,,,,,,,,,,,,,,,,,,,
ar-condicionado-split-9-000-btus-philco-pas9200f1-frio-220v,,,,,,,,,,,,,,,,,,,,,,,,,https://cdn.shopify.com/s/files/1/0614/8708/7825/products/ArquivoExibir_9.webp?v=1645713822,3,,,,,,,,,,,,,,,,,,,,,,
ar-condicionado-split-9-000-btus-philco-pas9200f1-frio-220v,,,,,,,,,,,,,,,,,,,,,,,,,https://cdn.shopify.com/s/files/1/0614/8708/7825/products/ArquivoExibir_10.jpg?v=1645713822,4,,,,,,,,,,,,,,,,,,,,,,
ar-condicionado-split-9-000-btus-philco-pas9200f1-frio-220v,,,,,,,,,,,,,,,,,,,,,,,,,https://cdn.shopify.com/s/files/1/0614/8708/7825/products/ArquivoExibir_11.jpg?v=1645713822,5,,,,,,,,,,,,,,,,,,,,,,
ar-condicionado-split-9-000-btus-philco-pas9200f1-frio-220v,,,,,,,,,,,,,,,,,,,,,,,,,https://cdn.shopify.com/s/files/1/0614/8708/7825/products/ArquivoExibir_12.jpg?v=1645713822,6,,,,,,,,,,,,,,,,,,,,,,
ar-condicionado-split-9-000-btus-philco-pas9200f1-frio-220v,,,,,,,,,,,,,,,,,,,,,,,,,https://cdn.shopify.com/s/files/1/0614/8708/7825/products/ArquivoExibir_13.jpg?v=1645713822,7,,,,,,,,,,,,,,,,,,,,,,
smart-tv-led-50-uhd-4k-philco-ptv50rcg70bl-roku-tv-com-processador-quad-core-gpu-triple-core-dolby-audio-hdr10-midia-cast-wi-fi-hdmi-e-usb,"Smart TV LED 50"" UHD 4K Philco PTV50RCG70BL Roku TV com Processador Quad Core, GPU Triple Core, Dolby Audio, HDR10, Mídia Cast, Wi-Fi, HDMI e USB","<span data-mce-fragment=""1"">Com a </span><strong data-mce-fragment=""1"">Philco PTV50RCG70BL Roku TV</strong><span data-mce-fragment=""1""> oferece uma experiência incrível com mais de 100.000 filmes e episódios de TV para você escolher nos canais de streaming.</span><br data-mce-fragment=""1""><br data-mce-fragment=""1""><span data-mce-fragment=""1"">A Smart TV LED 4K ainda conta com um processador gráfico </span><strong data-mce-fragment=""1"">Triple GPU</strong><span data-mce-fragment=""1""> para maior velocidade no processamento de gráficos mais complexos, resolução Ultra HD, tecnologia </span><strong data-mce-fragment=""1"">HDR10</strong><span data-mce-fragment=""1""> e tem melhor resposta aos comandos nos aplicativos graças ao processador </span><strong data-mce-fragment=""1"">Quad-Core</strong><span data-mce-fragment=""1"">.</span><br data-mce-fragment=""1""><br data-mce-fragment=""1""><br data-mce-fragment=""1""><br data-mce-fragment=""1""><span data-mce-fragment=""1"">Ela oferece um padrão superior de contraste e brilho, exibindo muito melhor os detalhes da imagem, mais próxima da realidade e cores mais vivas. Além disso, conta com sistema operacional onde você aproveita diversos recursos incluindo os maravilhosos aplicativos de Streaming Netflix*, Youtube*, Amazon Prime*, Globoplay* e muito mais!.</span><br data-mce-fragment=""1""><br data-mce-fragment=""1""><br data-mce-fragment=""1""><br data-mce-fragment=""1""><span data-mce-fragment=""1"">Uma Smart TV </span><strong data-mce-fragment=""1"">4K</strong><span data-mce-fragment=""1""> que proporciona uma experiência única no seu modo de assistir à TV. O sistema de busca inteligente multicanal encontra uma maneira fácil e rápida seus filmes, séries e canais favoritos. Com sistema de som </span><strong data-mce-fragment=""1"">Dolby Digital</strong><span data-mce-fragment=""1""> ela transmite o som do filme ou vídeo reproduzido em 5.1 canais para você sentir a emoção e todos os efeitos sonoros no conforto da sua casa.</span>",Philco,,,"",true,Title,Default Title,,,,,'10000,10000.0,shopify,123,continue,manual,999.00,,true,false,"",https://cdn.shopify.com/s/files/1/0614/8708/7825/products/ArquivoExibir_2.webp?v=1645712913,1,,false,,,,,,,,,,,,,,,,,kg,,,active
smart-tv-led-50-uhd-4k-philco-ptv50rcg70bl-roku-tv-com-processador-quad-core-gpu-triple-core-dolby-audio-hdr10-midia-cast-wi-fi-hdmi-e-usb,,,,,,,,,,,,,,,,,,,,,,,,,https://cdn.shopify.com/s/files/1/0614/8708/7825/products/ArquivoExibir_4.webp?v=1645712913,2,,,,,,,,,,,,,,,,,,,,,,
smart-tv-led-50-uhd-4k-philco-ptv50rcg70bl-roku-tv-com-processador-quad-core-gpu-triple-core-dolby-audio-hdr10-midia-cast-wi-fi-hdmi-e-usb,,,,,,,,,,,,,,,,,,,,,,,,,https://cdn.shopify.com/s/files/1/0614/8708/7825/products/ArquivoExibir_5.webp?v=1645712914,3,,,,,,,,,,,,,,,,,,,,,,
smart-tv-led-50-uhd-4k-philco-ptv50rcg70bl-roku-tv-com-processador-quad-core-gpu-triple-core-dolby-audio-hdr10-midia-cast-wi-fi-hdmi-e-usb,,,,,,,,,,,,,,,,,,,,,,,,,https://cdn.shopify.com/s/files/1/0614/8708/7825/products/ArquivoExibir_6.webp?v=1645712914,4,,,,,,,,,,,,,,,,,,,,,,
smart-tv-led-50-uhd-4k-philco-ptv50rcg70bl-roku-tv-com-processador-quad-core-gpu-triple-core-dolby-audio-hdr10-midia-cast-wi-fi-hdmi-e-usb,,,,,,,,,,,,,,,,,,,,,,,,,https://cdn.shopify.com/s/files/1/0614/8708/7825/products/ArquivoExibir_8.jpg?v=1645712914,5,,,,,,,,,,,,,,,,,,,,,,
smart-tv-led-50-uhd-4k-philco-ptv50rcg70bl-roku-tv-com-processador-quad-core-gpu-triple-core-dolby-audio-hdr10-midia-cast-wi-fi-hdmi-e-usb,,,,,,,,,,,,,,,,,,,,,,,,,https://cdn.shopify.com/s/files/1/0614/8708/7825/products/ArquivoExibir_9.jpg?v=1645712914,6,,,,,,,,,,,,,,,,,,,,,,
furadeira-philco-pfu03mf-650w-3-8-com-maleta-e-99-acessorios-martelo-alicate-de-bico-alicate-tradicional-bits-brocas,"Furadeira Philco PFU03MF 650W 3/8” com Maleta e 99 Acessórios (Martelo, Alicate de Bico, Alicate Tradicional, Bits, Brocas)","<span data-mce-fragment=""1"">Se você precisava de um reforço no seu conjunto de ferramentas, agora não precisa mais. Afinal, com a Furadeira Philco PFU03MF e seus 99 acessórios, tudo organizado nessa linda maleta, qualidade e garantia é o que você terá para não se preocupar por bastante tempo!</span><br data-mce-fragment=""1""><br data-mce-fragment=""1""><span data-mce-fragment=""1"">Entre os itens, estão martelo, estilete, chave de mandril, alicates, bits e buchas. Destaque, é claro, para a potente furadeira de 650W.</span><br data-mce-fragment=""1""><br data-mce-fragment=""1""><span data-mce-fragment=""1"">Ela conta com as funções Impacto, que proporciona uma melhor performance na perfuração de concreto, e Reversão, que melhora o retorno da broca na perfuração. A ferramenta elétrica tem mandril de 3/8”, cinco posições de ajuste de velocidade, trava de gatilho e cordão elétrico de 1 metro.</span><br data-mce-fragment=""1""><br data-mce-fragment=""1""><span data-mce-fragment=""1"">Com empunhadura emborrachada, ela garante mais firmeza e segurança no manuseio. A Furadeira Philco PFU03MF é a melhor opção para os seus trabalhos ficarem impecáveis, de uma forma mais prática!</span>",Philco,,,"",true,Title,Default Title,,,,,'421,5000.0,,999,deny,manual,110.90,,true,false,"",https://cdn.shopify.com/s/files/1/0614/8708/7825/products/ArquivoExibir_1.jpg?v=1645711728,1,,false,,,,,,,,,,,,,,,,,kg,,,active
furadeira-philco-pfu03mf-650w-3-8-com-maleta-e-99-acessorios-martelo-alicate-de-bico-alicate-tradicional-bits-brocas,,,,,,,,,,,,,,,,,,,,,,,,,https://cdn.shopify.com/s/files/1/0614/8708/7825/products/ArquivoExibir_1.webp?v=1645711728,2,,,,,,,,,,,,,,,,,,,,,,
furadeira-philco-pfu03mf-650w-3-8-com-maleta-e-99-acessorios-martelo-alicate-de-bico-alicate-tradicional-bits-brocas,,,,,,,,,,,,,,,,,,,,,,,,,https://cdn.shopify.com/s/files/1/0614/8708/7825/products/ArquivoExibir_2.jpg?v=1645711729,3,,,,,,,,,,,,,,,,,,,,,,
furadeira-philco-pfu03mf-650w-3-8-com-maleta-e-99-acessorios-martelo-alicate-de-bico-alicate-tradicional-bits-brocas,,,,,,,,,,,,,,,,,,,,,,,,,https://cdn.shopify.com/s/files/1/0614/8708/7825/products/ArquivoExibir_3.jpg?v=1645711729,4,,,,,,,,,,,,,,,,,,,,,,
furadeira-philco-pfu03mf-650w-3-8-com-maleta-e-99-acessorios-martelo-alicate-de-bico-alicate-tradicional-bits-brocas,,,,,,,,,,,,,,,,,,,,,,,,,https://cdn.shopify.com/s/files/1/0614/8708/7825/products/ArquivoExibir_4.jpg?v=1645711729,5,,,,,,,,,,,,,,,,,,,,,,
furadeira-philco-pfu03mf-650w-3-8-com-maleta-e-99-acessorios-martelo-alicate-de-bico-alicate-tradicional-bits-brocas,,,,,,,,,,,,,,,,,,,,,,,,,https://cdn.shopify.com/s/files/1/0614/8708/7825/products/ArquivoExibir_5.jpg?v=1645711729,6,,,,,,,,,,,,,,,,,,,,,,
furadeira-philco-pfu03mf-650w-3-8-com-maleta-e-99-acessorios-martelo-alicate-de-bico-alicate-tradicional-bits-brocas,,,,,,,,,,,,,,,,,,,,,,,,,https://cdn.shopify.com/s/files/1/0614/8708/7825/products/ArquivoExibir_6.jpg?v=1645711729,7,,,,,,,,,,,,,,,,,,,,,,
furadeira-philco-pfu03mf-650w-3-8-com-maleta-e-99-acessorios-martelo-alicate-de-bico-alicate-tradicional-bits-brocas,,,,,,,,,,,,,,,,,,,,,,,,,https://cdn.shopify.com/s/files/1/0614/8708/7825/products/ArquivoExibir_7.jpg?v=1645711729,8,,,,,,,,,,,,,,,,,,,,,,
conjunto-de-panelas-10-pecas-tramontina-turim-com-revestimento-antiaderente-starflon-t1-tampas-de-vidro-e-cabos-de-baquelite-vermelho,"Conjunto de Panelas 10 Peças Tramontina Turim com Revestimento Antiaderente Starflon T1, Tampas de Vidro e Cabos de Baquelite - Vermelho","<p><span>A Linha Turim sempre faz sucesso na sua cozinha. Além da praticidade do cozimento uniforme, proporcionado pelo revestimento interno e externo de antiaderente Starflon Max, elas permanecem bonitas por muito mais tempo. São fáceis de limpar, pois, devido ao antiaderente, os alimentos não grudam. Podem ser utilizadas em fogão a gás, elétrico e vitrocerâmico (resistência elétrica) e levadas à máquina de lavar louças.</span>﻿</p>
<div class=""content""><span class=""content--value""></span></div>",Tramontina,,,"",true,Title,Default Title,,,,,'100,2000.0,shopify,350,continue,manual,109.90,,true,true,"",https://cdn.shopify.com/s/files/1/0614/8708/7825/products/ArquivoExibir.webp?v=1645389573,1,,false,,,,,,,,,,,,,,,,,kg,,,active
conjunto-de-panelas-10-pecas-tramontina-turim-com-revestimento-antiaderente-starflon-t1-tampas-de-vidro-e-cabos-de-baquelite-vermelho,,,,,,,,,,,,,,,,,,,,,,,,,https://cdn.shopify.com/s/files/1/0614/8708/7825/products/ArquivoExibir.jpg?v=1645389573,2,,,,,,,,,,,,,,,,,,,,,,
