Handle,Title,Body (HTML),Vendor,Product Category,Type,Tags,Published,Option1 Name,Option1 Value,Option2 Name,Option2 Value,Option3 Name,Option3 Value,Variant SKU,Variant Grams,Variant Inventory Tracker,Variant Inventory Qty,Variant Inventory Policy,Variant Fulfillment Service,Variant Price,Variant Compare At Price,Variant Requires Shipping,Variant Taxable,Variant Barcode,Image Src,Image Position,Image Alt Text,Gift Card,SEO Title,SEO Description,Google Shopping / Google Product Category,Google Shopping / Gender,Google Shopping / Age Group,Google Shopping / MPN,Google Shopping / Condition,Google Shopping / Custom Product,Google Shopping / Custom Label 0,Google Shopping / Custom Label 1,Google Shopping / Custom Label 2,Google Shopping / Custom Label 3,Google Shopping / Custom Label 4,Variant Image,Variant Weight Unit,Variant Tax Code,Cost per item,Included / Brasil,Included / Internacional,Price / Internacional,Compare At Price / Internacional,Status
kit-completo-essencial-pearls-pele-iluminada,KIT COMPLETO ESSENCIAL PEARLS - PELE ILUMINADA,"<div class=""ecom-block ecom-core core__block ecom-3gjoy78tvu2"" data-core-is=""block"" data-mce-fragment=""1"">
<div class=""ecom__element element__heading ecom-element ecom-html"" data-stopdrag=""true"" data-mce-fragment=""1"" deep=""1"">
<h3 class=""ecom__heading"" data-mce-fragment=""1"">Tenha a<span data-mce-fragment=""1""> </span><b data-mce-fragment=""1"">pele dos sonhos<span data-mce-fragment=""1""> </span></b>com uma<span data-mce-fragment=""1""> </span><b data-mce-fragment=""1"">formulação avançada</b><b data-mce-fragment=""1""></b><b data-mce-fragment=""1""></b>
</h3>
</div>
</div>
<div class=""ecom-block ecom-core core__block elmspace ecom-tux4tcjr9o"" data-core-is=""block"" data-mce-fragment=""1"">
<div class=""ecom__element ecom-element element__text"" data-stopdrag="""" data-mce-fragment=""1"" deep=""1"">
<div class=""text-content ecom-html has-drop-cap-view-default"" data-mce-fragment=""1"">
<div data-mce-fragment=""1"">Um poderoso arsenal contra rugas e possui propriedades antioxidantes que combatem incansavelmente os radicais livres, principais vilões do envelhecimento da pele. Ao mesmo tempo, o Essential Pearls Rosa Selvagem restaura o volume facial, trazendo:
<div data-mce-fragment=""1""><br data-mce-fragment=""1""></div>
</div>
</div>
</div>
</div>
<div class=""ecom-block ecom-core core__block ecom-v2xpj8hvlgs"" data-core-is=""block"" data-mce-fragment=""1"">
<div class=""ecom-element ecom-base-iconlist"" data-mce-fragment=""1"" deep=""1"">
<ul class=""ecom-iconlist--list"" data-layout=""inline"" data-mce-fragment=""1"">
<li class=""ecom-iconlist--item ecom-html"" data-mce-fragment=""1"">
<div data-mce-fragment=""1"">
<div class=""ecom-iconlist--container"" data-mce-fragment=""1"">
<span class=""ecom-iconlist--icon"" data-mce-fragment=""1""></span>
<div class=""ecom-iconlist-content"" data-mce-fragment=""1"">
<p class=""ecom-iconlist--title"" data-mce-fragment=""1"">Mais<span data-mce-fragment=""1""> </span><b data-mce-fragment=""1"">hidratação para pele</b></p>
</div>
</div>
</div>
</li>
<li class=""ecom-iconlist--item ecom-html"" data-mce-fragment=""1"">
<div data-mce-fragment=""1"">
<div class=""ecom-iconlist--container"" data-mce-fragment=""1"">
<span class=""ecom-iconlist--icon"" data-mce-fragment=""1""></span>
<div class=""ecom-iconlist-content"" data-mce-fragment=""1"">
<p class=""ecom-iconlist--title"" data-mce-fragment=""1""><b data-mce-fragment=""1"">Melhora nas rugas e linhas</b><span data-mce-fragment=""1""> </span>de expressão</p>
</div>
</div>
</div>
</li>
<li class=""ecom-iconlist--item ecom-html"" data-mce-fragment=""1"">
<div data-mce-fragment=""1"">
<div class=""ecom-iconlist--container"" data-mce-fragment=""1"">
<span class=""ecom-iconlist--icon"" data-mce-fragment=""1""></span>
<div class=""ecom-iconlist-content"" data-mce-fragment=""1"">
<p class=""ecom-iconlist--title"" data-mce-fragment=""1"">Mais<span data-mce-fragment=""1""> </span><b data-mce-fragment=""1"">firmeza</b></p>
</div>
</div>
</div>
</li>
<li class=""ecom-iconlist--item ecom-html"" data-mce-fragment=""1"">
<div data-mce-fragment=""1"">
<div class=""ecom-iconlist--container"" data-mce-fragment=""1"">
<span class=""ecom-iconlist--icon"" data-mce-fragment=""1""></span>
<div class=""ecom-iconlist-content"" data-mce-fragment=""1"">
<p class=""ecom-iconlist--title"" data-mce-fragment=""1"">Efeito<span data-mce-fragment=""1""> </span><b data-mce-fragment=""1"">iluminador</b></p>
<div data-core-is=""block"" class=""ecom-block ecom-core core__block ecom-fg4zekv6peb"">
<div data-stopdrag=""true"" class=""ecom__element element__heading ecom-element ecom-html"" deep=""1"">
<h3 class=""ecom__heading"">
<b>Como usar<span> </span></b>o Essential Pearls?</h3>
<div>Antes de aplicar o Essential Pearls Rosa Selvagem, lave delicadamente o rosto com água morna e seque suavemente. Pegue algumas gotas do sérum, aqueça entre as palmas das mãos e aplique no rosto, pescoço e colo em movimentos circulares ascendentes. Massageie suavemente para promover a absorção e estimular a circulação. <br><b></b>
</div>
</div>
</div>
<div data-core-is=""block"" class=""ecom-block ecom-core core__block elmspace ecom-b4qfsyg9ec"">
<div data-stopdrag="""" class=""ecom__element ecom-element element__text"" deep=""1"">
<div class=""text-content ecom-html has-drop-cap-view-default"">
<div><br></div>
<div>Preste atenção especial às áreas com rugas e linhas de expressão.<b><span> </span>Sinta a textura leve e sedosa do sérum nutrindo sua pele profundamente.</b>
</div>
</div>
</div>
</div>
</div>
</div>
</div>
</li>
</ul>
</div>
</div>",Rosa Selvagem,,"","",true,Title,Default Title,,,,,"",0.0,,0,deny,manual,159.99,197.99,true,false,"",https://cdn.shopify.com/s/files/1/0815/2150/8639/files/01_23099c79-0e4a-4ca8-86fa-852de104e887.webp?v=1693117755,1,,false,,,,,,,,,,,,,,,kg,,,true,true,,,active
kit-completo-essencial-pearls-pele-iluminada,,,,,,,,,,,,,,,,,,,,,,,,,https://cdn.shopify.com/s/files/1/0815/2150/8639/files/03_591aa662-d227-4dca-b69b-39cbed25125d.webp?v=1693117755,2,,,,,,,,,,,,,,,,,,,,,,,,
kit-completo-essencial-pearls-pele-iluminada,,,,,,,,,,,,,,,,,,,,,,,,,https://cdn.shopify.com/s/files/1/0815/2150/8639/files/02_7e5a7d58-2f6d-41b2-9bc3-24ec1cbaaa29.webp?v=1693117755,3,,,,,,,,,,,,,,,,,,,,,,,,
essencial-pearls-perolas-de-ouro-iluminadora-com-resveratrol-2-unidades,ESSENCIAL PEARLS - PÉROLAS DE OURO ILUMINADORA COM RESVERATROL 2 UNIDADES,"<div class=""ecom-block ecom-core core__block ecom-3gjoy78tvu2"" data-core-is=""block"" data-mce-fragment=""1"">
<div class=""ecom__element element__heading ecom-element ecom-html"" data-stopdrag=""true"" data-mce-fragment=""1"" deep=""1"">
<h3 class=""ecom__heading"" data-mce-fragment=""1"">Tenha a<span data-mce-fragment=""1""> </span><b data-mce-fragment=""1"">pele dos sonhos<span data-mce-fragment=""1""> </span></b>com uma<span data-mce-fragment=""1""> </span><b data-mce-fragment=""1"">formulação avançada</b><b data-mce-fragment=""1""></b><b data-mce-fragment=""1""></b>
</h3>
</div>
</div>
<div class=""ecom-block ecom-core core__block elmspace ecom-tux4tcjr9o"" data-core-is=""block"" data-mce-fragment=""1"">
<div class=""ecom__element ecom-element element__text"" data-stopdrag="""" data-mce-fragment=""1"" deep=""1"">
<div class=""text-content ecom-html has-drop-cap-view-default"" data-mce-fragment=""1"">
<div data-mce-fragment=""1"">Um poderoso arsenal contra rugas e possui propriedades antioxidantes que combatem incansavelmente os radicais livres, principais vilões do envelhecimento da pele. Ao mesmo tempo, o Essential Pearls Rosa Selvagem restaura o volume facial, trazendo:
<div data-mce-fragment=""1""><br data-mce-fragment=""1""></div>
</div>
</div>
</div>
</div>
<div class=""ecom-block ecom-core core__block ecom-v2xpj8hvlgs"" data-core-is=""block"" data-mce-fragment=""1"">
<div class=""ecom-element ecom-base-iconlist"" data-mce-fragment=""1"" deep=""1"">
<ul class=""ecom-iconlist--list"" data-layout=""inline"" data-mce-fragment=""1"">
<li class=""ecom-iconlist--item ecom-html"" data-mce-fragment=""1"">
<div data-mce-fragment=""1"">
<div class=""ecom-iconlist--container"" data-mce-fragment=""1"">
<span class=""ecom-iconlist--icon"" data-mce-fragment=""1""></span>
<div class=""ecom-iconlist-content"" data-mce-fragment=""1"">
<p class=""ecom-iconlist--title"" data-mce-fragment=""1"">Mais<span data-mce-fragment=""1""> </span><b data-mce-fragment=""1"">hidratação para pele</b></p>
</div>
</div>
</div>
</li>
<li class=""ecom-iconlist--item ecom-html"" data-mce-fragment=""1"">
<div data-mce-fragment=""1"">
<div class=""ecom-iconlist--container"" data-mce-fragment=""1"">
<span class=""ecom-iconlist--icon"" data-mce-fragment=""1""></span>
<div class=""ecom-iconlist-content"" data-mce-fragment=""1"">
<p class=""ecom-iconlist--title"" data-mce-fragment=""1""><b data-mce-fragment=""1"">Melhora nas rugas e linhas</b><span data-mce-fragment=""1""> </span>de expressão</p>
</div>
</div>
</div>
</li>
<li class=""ecom-iconlist--item ecom-html"" data-mce-fragment=""1"">
<div data-mce-fragment=""1"">
<div class=""ecom-iconlist--container"" data-mce-fragment=""1"">
<span class=""ecom-iconlist--icon"" data-mce-fragment=""1""></span>
<div class=""ecom-iconlist-content"" data-mce-fragment=""1"">
<p class=""ecom-iconlist--title"" data-mce-fragment=""1"">Mais<span data-mce-fragment=""1""> </span><b data-mce-fragment=""1"">firmeza</b></p>
</div>
</div>
</div>
</li>
<li class=""ecom-iconlist--item ecom-html"" data-mce-fragment=""1"">
<div data-mce-fragment=""1"">
<div class=""ecom-iconlist--container"" data-mce-fragment=""1"">
<span class=""ecom-iconlist--icon"" data-mce-fragment=""1""></span>
<div class=""ecom-iconlist-content"" data-mce-fragment=""1"">
<p class=""ecom-iconlist--title"" data-mce-fragment=""1"">Efeito<span data-mce-fragment=""1""> </span><b data-mce-fragment=""1"">iluminador</b></p>
</div>
</div>
</div>
</li>
</ul>
</div>
</div>",Rosa Selvagem,,"","",true,Title,Default Title,,,,,"",0.0,,0,deny,manual,169.89,194.99,true,false,"",https://cdn.shopify.com/s/files/1/0815/2150/8639/files/01_7b087947-be4b-44ce-90a0-19d7beb4f14a.webp?v=1693117607,1,,false,,,,,,,,,,,,,,,kg,,,true,true,,,active
essencial-pearls-perolas-de-ouro-iluminadora-com-resveratrol-2-unidades,,,,,,,,,,,,,,,,,,,,,,,,,https://cdn.shopify.com/s/files/1/0815/2150/8639/files/03_5de7e615-80b9-4e43-b6ea-2c338aa24894.webp?v=1693117607,2,,,,,,,,,,,,,,,,,,,,,,,,
essencial-pearls-perolas-de-ouro-iluminadora-com-resveratrol-2-unidades,,,,,,,,,,,,,,,,,,,,,,,,,https://cdn.shopify.com/s/files/1/0815/2150/8639/files/02_8c770e84-6b79-4cea-9476-ae568d1f4a45.webp?v=1693117608,3,,,,,,,,,,,,,,,,,,,,,,,,
essencial-pearls-perolas-de-ouro-iluminadora-com-resveratrol,ESSENCIAL PEARLS - PÉROLAS DE OURO ILUMINADORA COM RESVERATROL,"<div class=""ecom-block ecom-core core__block ecom-3gjoy78tvu2"" data-core-is=""block"" data-mce-fragment=""1"">
<div class=""ecom__element element__heading ecom-element ecom-html"" data-stopdrag=""true"" data-mce-fragment=""1"" deep=""1"">
<h3 class=""ecom__heading"" data-mce-fragment=""1"">Tenha a<span data-mce-fragment=""1""> </span><b data-mce-fragment=""1"">pele dos sonhos<span data-mce-fragment=""1""> </span></b>com uma<span data-mce-fragment=""1""> </span><b data-mce-fragment=""1"">formulação avançada</b><b data-mce-fragment=""1""></b><b data-mce-fragment=""1""></b>
</h3>
</div>
</div>
<div class=""ecom-block ecom-core core__block elmspace ecom-tux4tcjr9o"" data-core-is=""block"" data-mce-fragment=""1"">
<div class=""ecom__element ecom-element element__text"" data-stopdrag="""" data-mce-fragment=""1"" deep=""1"">
<div class=""text-content ecom-html has-drop-cap-view-default"" data-mce-fragment=""1"">
<div data-mce-fragment=""1"">Um poderoso arsenal contra rugas e possui propriedades antioxidantes que combatem incansavelmente os radicais livres, principais vilões do envelhecimento da pele. Ao mesmo tempo, o Essential Pearls Rosa Selvagem restaura o volume facial, trazendo:
<div data-mce-fragment=""1""><br data-mce-fragment=""1""></div>
</div>
</div>
</div>
</div>
<div class=""ecom-block ecom-core core__block ecom-v2xpj8hvlgs"" data-core-is=""block"" data-mce-fragment=""1"">
<div class=""ecom-element ecom-base-iconlist"" data-mce-fragment=""1"" deep=""1"">
<ul class=""ecom-iconlist--list"" data-layout=""inline"" data-mce-fragment=""1"">
<li class=""ecom-iconlist--item ecom-html"" data-mce-fragment=""1"">
<div data-mce-fragment=""1"">
<div class=""ecom-iconlist--container"" data-mce-fragment=""1"">
<span class=""ecom-iconlist--icon"" data-mce-fragment=""1""></span>
<div class=""ecom-iconlist-content"" data-mce-fragment=""1"">
<p class=""ecom-iconlist--title"" data-mce-fragment=""1"">Mais<span data-mce-fragment=""1""> </span><b data-mce-fragment=""1"">hidratação para pele</b></p>
</div>
</div>
</div>
</li>
<li class=""ecom-iconlist--item ecom-html"" data-mce-fragment=""1"">
<div data-mce-fragment=""1"">
<div class=""ecom-iconlist--container"" data-mce-fragment=""1"">
<span class=""ecom-iconlist--icon"" data-mce-fragment=""1""></span>
<div class=""ecom-iconlist-content"" data-mce-fragment=""1"">
<p class=""ecom-iconlist--title"" data-mce-fragment=""1""><b data-mce-fragment=""1"">Melhora nas rugas e linhas</b><span data-mce-fragment=""1""> </span>de expressão</p>
</div>
</div>
</div>
</li>
<li class=""ecom-iconlist--item ecom-html"" data-mce-fragment=""1"">
<div data-mce-fragment=""1"">
<div class=""ecom-iconlist--container"" data-mce-fragment=""1"">
<span class=""ecom-iconlist--icon"" data-mce-fragment=""1""></span>
<div class=""ecom-iconlist-content"" data-mce-fragment=""1"">
<p class=""ecom-iconlist--title"" data-mce-fragment=""1"">Mais<span data-mce-fragment=""1""> </span><b data-mce-fragment=""1"">firmeza</b></p>
</div>
</div>
</div>
</li>
<li class=""ecom-iconlist--item ecom-html"" data-mce-fragment=""1"">
<div data-mce-fragment=""1"">
<div class=""ecom-iconlist--container"" data-mce-fragment=""1"">
<span class=""ecom-iconlist--icon"" data-mce-fragment=""1""></span>
<div class=""ecom-iconlist-content"" data-mce-fragment=""1"">
<p class=""ecom-iconlist--title"" data-mce-fragment=""1"">Efeito<span data-mce-fragment=""1""> </span><b data-mce-fragment=""1"">iluminador</b></p>
</div>
</div>
</div>
</li>
</ul>
</div>
</div>",Rosa Selvagem,,"","",true,Title,Default Title,,,,,"",0.0,,0,deny,manual,97.99,139.90,true,false,"",https://cdn.shopify.com/s/files/1/0815/2150/8639/files/03_1d259fcc-6b0f-4673-94ab-b7835f298e13.webp?v=1693117502,1,,false,,,,,,,,,,,,,,,kg,,,true,true,,,active
essencial-pearls-perolas-de-ouro-iluminadora-com-resveratrol,,,,,,,,,,,,,,,,,,,,,,,,,https://cdn.shopify.com/s/files/1/0815/2150/8639/files/02_2a15da18-7623-4aaa-b234-1b9771b2894e.webp?v=1693117502,2,,,,,,,,,,,,,,,,,,,,,,,,
essencial-pearls-perolas-de-ouro-iluminadora-com-resveratrol,,,,,,,,,,,,,,,,,,,,,,,,,https://cdn.shopify.com/s/files/1/0815/2150/8639/files/01_7a678a22-ec8d-4216-9964-5ceff67ba18b.webp?v=1693117502,3,,,,,,,,,,,,,,,,,,,,,,,,
essencial-pearls-perolas-de-ouro-iluminadora-com-resveratrol-3-unidades,ESSENCIAL PEARLS - PÉROLAS DE OURO ILUMINADORA COM RESVERATROL 3 UNIDADES,"<span data-mce-fragment=""1"">Descubra o poder transformador do Essential Pearls Rosa Selvagem, um sérum revitalizante anti-aging (anti envelhecimento) verdadeiramente inovador e sofisticado que redefinirá seus conceitos de cuidados com a pele.</span>",Rosa Selvagem,,"","",true,Title,Default Title,,,,,"",0.0,,0,deny,manual,229.30,291.89,true,false,"",https://cdn.shopify.com/s/files/1/0815/2150/8639/files/01_056cdb6c-6c7d-4b70-8c90-f66cbe6b36ac.webp?v=1693117395,1,,false,,,,,,,,,,,,,,,kg,,,true,true,,,active
essencial-pearls-perolas-de-ouro-iluminadora-com-resveratrol-3-unidades,,,,,,,,,,,,,,,,,,,,,,,,,https://cdn.shopify.com/s/files/1/0815/2150/8639/files/03_bcf19a95-bb72-48cf-a9b7-ec7e72a0bfc1.webp?v=1693117395,2,,,,,,,,,,,,,,,,,,,,,,,,
essencial-pearls-perolas-de-ouro-iluminadora-com-resveratrol-3-unidades,,,,,,,,,,,,,,,,,,,,,,,,,https://cdn.shopify.com/s/files/1/0815/2150/8639/files/02_667cb671-1bad-495a-b54c-a5eb7aa3f217.webp?v=1693117396,3,,,,,,,,,,,,,,,,,,,,,,,,
colageno-peptan-chocolate-acido-hialuronico-1-unidade,COLÁGENO PEPTAN CHOCOLATE + ÁCIDO HIALURÔNICO - 1 UNIDADE,"<div class=""ecom-block ecom-core core__block ecom-5sdib0xgkkc"" data-core-is=""block"" data-mce-fragment=""1"">
<div class=""ecom__element element__heading ecom-element ecom-html"" data-stopdrag=""true"" data-mce-fragment=""1"" deep=""1"">
<h3 class=""ecom__heading ecom-db"" data-mce-fragment=""1"">
<b data-mce-fragment=""1"">Como usar<span data-mce-fragment=""1""> </span></b>o Colágeno Peptan?<b data-mce-fragment=""1""></b><b data-mce-fragment=""1""></b><b data-mce-fragment=""1""></b>
</h3>
</div>
</div>
<div class=""ecom-block ecom-core core__block elmspace ecom-cxm1ptdpyx4"" data-core-is=""block"" data-mce-fragment=""1"">
<div class=""ecom__element ecom-element element__text"" data-stopdrag="""" data-mce-fragment=""1"" deep=""1"">
<div class=""text-content ecom-html has-drop-cap-view-default"" data-mce-fragment=""1"">
<b data-mce-fragment=""1""></b><b data-mce-fragment=""1""></b>
<div data-mce-fragment=""1"">Para usar o Colágeno Peptan,<span data-mce-fragment=""1""> </span><b data-mce-fragment=""1"">misture 12g (02 colheres dosadoras) do produto em 150ml de água e mexa até dissolver.</b><span data-mce-fragment=""1""> </span>Use uma colher para medidas precisas. Consuma uma vez ao dia conforme a dose recomendada. Após abrir, consuma em até 30 dias para eficácia.</div>
<div data-mce-fragment=""1""><br data-mce-fragment=""1""></div>
<div data-mce-fragment=""1"">Seguindo essas instruções, você pode desfrutar dos benefícios do Colágeno Peptan de forma prática e segura. Lembre-se de que é sempre recomendado consultar um profissional de saúde antes de iniciar qualquer suplementação para obter orientações personalizadas e adequadas.</div>
</div>
</div>
</div>",Minha loja,,"","",true,Title,Default Title,,,,,"",0.0,,0,deny,manual,89.90,99.90,true,false,"",https://cdn.shopify.com/s/files/1/0815/2150/8639/files/03_7f24e8e4-1d5c-4338-9dc8-60b26ad98a65.webp?v=1693117283,1,,false,,,,,,,,,,,,,,,kg,,,true,true,,,active
colageno-peptan-chocolate-acido-hialuronico-1-unidade,,,,,,,,,,,,,,,,,,,,,,,,,https://cdn.shopify.com/s/files/1/0815/2150/8639/files/02_d56a97e7-e9f9-4e6d-b4e0-60a825f26a85.webp?v=1693117283,2,,,,,,,,,,,,,,,,,,,,,,,,
colageno-peptan-chocolate-acido-hialuronico-1-unidade,,,,,,,,,,,,,,,,,,,,,,,,,https://cdn.shopify.com/s/files/1/0815/2150/8639/files/01_066a48e1-a3a0-4dad-a399-05159b81304e.webp?v=1693117283,3,,,,,,,,,,,,,,,,,,,,,,,,
clareamento-oil-in-cream-family,CLAREAMENTO OIL IN CREAM FAMILY,"<p><span data-mce-fragment=""1"">O Ácido Clareador Ativado é um produto de cuidados para a pele fabricado com base em ácido salicílico e outros ingredientes ativos. Ele é projetado para combater inflamações, clarear manchas escuras, esfoliar suavemente a pele e proporcionar hidratação.</span></p>
<p><span>O Ácido Clareador Ativado contém ingredientes, como ácido salicílico e gluconolactona, que inibem a produção excessiva de melanina, o pigmento responsável pela coloração da pele. Isso resulta em uma redução gradual das manchas escuras e em um tom de pele mais uniforme.</span></p>
<p><span>Os benefícios do Ácido Clareador Ativado incluem clareamento da pele, redução de inflamações cutâneas, remoção de células mortas, estimulação da renovação celular, hidratação e suavidade da pele.</span></p>",Minha loja,,"","",true,Title,Default Title,,,,,"",0.0,,0,deny,manual,359.90,,true,false,"",https://cdn.shopify.com/s/files/1/0815/2150/8639/files/01_1d919a1a-7916-4d7c-bb4c-215aa9a0fca0.webp?v=1693117239,1,,false,,,,,,,,,,,,,,,kg,,,true,true,,,active
clareamento-oil-in-cream-family,,,,,,,,,,,,,,,,,,,,,,,,,https://cdn.shopify.com/s/files/1/0815/2150/8639/files/03_84a4a6d8-ddec-465d-86bd-d67ad08b8cd4.webp?v=1693117239,2,,,,,,,,,,,,,,,,,,,,,,,,
clareamento-oil-in-cream-family,,,,,,,,,,,,,,,,,,,,,,,,,https://cdn.shopify.com/s/files/1/0815/2150/8639/files/02_e07f6d11-0afe-4df3-bd29-0dbc74af4871.webp?v=1693117239,3,,,,,,,,,,,,,,,,,,,,,,,,
clareamento-completo-family,CLAREAMENTO COMPLETO FAMILY,"<p><span data-mce-fragment=""1"">O Kit para o cuidado com a região danificada da pele é uma combinação perfeita de produtos formulados...</span></p>
<p>O kit contem:</p>
<p>5 clareadores</p>
<p>1 sérum anti-idade</p>",Minha loja,,"","",true,Title,Default Title,,,,,"",0.0,,0,deny,manual,302.90,419.90,true,false,"",https://cdn.shopify.com/s/files/1/0815/2150/8639/files/01_69322cba-6b1d-45e4-8246-5bcf99cc716e.webp?v=1693117219,1,,false,,,,,,,,,,,,,,,kg,,,true,true,,,active
clareamento-completo-family,,,,,,,,,,,,,,,,,,,,,,,,,https://cdn.shopify.com/s/files/1/0815/2150/8639/files/2.webp?v=1693117219,2,,,,,,,,,,,,,,,,,,,,,,,,
arma-secreta-deo-parfum-nº-06,ARMA SECRETA DEO PARFUM - Nº 06,"<div class=""ecom-block ecom-core core__block elmspace ecom-liyu5jzy9j"" data-core-is=""block"" data-mce-fragment=""1"">
<div class=""ecom__element ecom-element element__text"" data-stopdrag="""" data-mce-fragment=""1"" deep=""1"">
<div class=""text-content ecom-html has-drop-cap-view-default"" data-mce-fragment=""1""><b data-mce-fragment=""1""><i data-mce-fragment=""1"">Referência La Vie est Belle</i></b></div>
</div>
</div>
<div class=""ecom-block ecom-core core__block elmspace ecom-ofx9bu4v6f8"" data-core-is=""block"" data-mce-fragment=""1"">
<div class=""ecom__element ecom-element element__text"" data-stopdrag="""" data-mce-fragment=""1"" deep=""1"">
<div class=""text-content ecom-html has-drop-cap-view-default"" data-mce-fragment=""1"">
<b data-mce-fragment=""1""></b>Arma Secreta é um perfume Rosa Selvagem feminino floral oriental. Feito com os mais preciosos ingredientes naturais, revela um manifesto de uma nova era.</div>
</div>
</div>",Minha loja,,"","",true,Title,Default Title,,,,,"",0.0,,0,deny,manual,129.90,159.90,true,false,"",https://cdn.shopify.com/s/files/1/0815/2150/8639/files/01_830efb64-2ab1-4d04-a40f-f3ca438ea318.webp?v=1693116661,1,,false,,,,,,,,,,,,,,,kg,,,true,true,,,active
arma-secreta-deo-parfum-nº-06,,,,,,,,,,,,,,,,,,,,,,,,,https://cdn.shopify.com/s/files/1/0815/2150/8639/files/02_fc533ff5-40a9-456c-87c0-f07f81806987.webp?v=1693116661,2,,,,,,,,,,,,,,,,,,,,,,,,
rosa-hair-2-shampoos,ROSA HAIR - 2 SHAMPOOS,"<span data-mce-fragment=""1"">Experimente o incrível Rosa Hair Shampoo e descubra a verdadeira transformação que ele pode proporcionar aos seus cabelos. Com uma fórmula avançada e poderosa, esse shampoo vai além da limpeza básica, oferecendo benefícios excepcionais para a saúde e beleza dos seus fios.</span><br data-mce-fragment=""1""><span data-mce-fragment=""1"">O segredo do Rosa Hair Shampoo está na sua capacidade única de limpar profundamente, removendo resíduos acumulados e impurezas, ao mesmo tempo em que promove uma reestruturação completa dos cabelos danificados. Os ingredientes selecionados com cuidado trabalham em conjunto para reparar os danos, fortalecer os fios e devolver a vitalidade perdida.</span><br data-mce-fragment=""1""><span data-mce-fragment=""1"">Quando você usa o Rosa Hair Shampoo regularmente, notará uma diferença notável na aparência e na textura dos seus cabelos. A fórmula especial penetra nas camadas mais profundas dos fios, proporcionando uma hidratação intensa que restaura o brilho e a maciez. Adeus aos cabelos opacos e sem vida!</span><br data-mce-fragment=""1""><span data-mce-fragment=""1"">Além de seus efeitos revitalizantes, o Rosa Hair Shampoo também oferece benefícios extras para a saúde capilar. Sua ação esfoliante suave remove delicadamente as células mortas do couro cabeludo, estimulando o crescimento de novos fios e ajudando a prevenir problemas como a caspa. Com sua ação antioxidante, ele protege os cabelos contra os danos causados pelos radicais livres, enquanto suas propriedades anti-inflamatórias acalmam o couro cabeludo, reduzindo a irritação e a coceira.</span><br data-mce-fragment=""1""><span data-mce-fragment=""1"">O Rosa Hair Shampoo também é um aliado poderoso na luta contra a quebra e queda dos cabelos. Sua fórmula nutritiva fortalece os fios desde a raiz até as pontas, ajudando a prevenir a quebra e a reduzir a perda de cabelo. Dessa forma, você pode desfrutar de cabelos mais volumosos, densos e saudáveis.</span><br data-mce-fragment=""1""><span data-mce-fragment=""1"">Não perca mais tempo com produtos comuns! Experimente o Rosa Hair Shampoo e dê aos seus cabelos o cuidado especial que eles merecem. Desfrute de fios renovados, cheios de vida e radiantes com saúde. O Rosa Hair Shampoo, a escolha ideal para um cabelo verdadeiramente deslumbrante.</span>",Minha loja,,"","",true,Title,Default Title,,,,,"",0.0,,0,deny,manual,159.90,189.90,true,false,"",https://cdn.shopify.com/s/files/1/0815/2150/8639/files/03_12e45190-f7b4-459c-a675-28874b4ad9d2.webp?v=1693116540,1,,false,,,,,,,,,,,,,,,kg,,,true,true,,,active
rosa-hair-2-shampoos,,,,,,,,,,,,,,,,,,,,,,,,,https://cdn.shopify.com/s/files/1/0815/2150/8639/files/02_031a386f-3d11-41a8-800b-a72a8dd287c7.webp?v=1693116540,2,,,,,,,,,,,,,,,,,,,,,,,,
rosa-hair-2-shampoos,,,,,,,,,,,,,,,,,,,,,,,,,https://cdn.shopify.com/s/files/1/0815/2150/8639/files/01_a44d43dd-387f-41a1-8285-11dc66cd238f.webp?v=1693116540,3,,,,,,,,,,,,,,,,,,,,,,,,
rosa-hair-tonico-capilar-1-unidade,ROSA HAIR - TÔNICO CAPILAR 1 UNIDADE,"<span data-mce-fragment=""1"">O Tônico Capilar Rosa Selvagem é um produto de cuidados capilares excepcional que oferece uma série de benefícios para os cabelos. Este tônico foi cuidadosamente formulado para revitalizar os fios, estimular o crescimento saudável e prevenir a queda, resultando em cabelos mais abundantes e exuberantes.</span><br data-mce-fragment=""1""><span data-mce-fragment=""1"">Uma das principais vantagens do Tônico Capilar Rosa Selvagem é sua capacidade de controlar a oleosidade do couro cabeludo. Muitas vezes, o excesso de óleo pode obstruir os folículos capilares e levar à perda de cabelo. No entanto, este tônico contém agentes especiais que ajudam a regular a produção de óleo, mantendo o couro cabeludo limpo e saudável.</span><br data-mce-fragment=""1""><span data-mce-fragment=""1"">Além disso, o Tônico Capilar Rosa Selvagem fortalece os cabelos, tornando-os mais resistentes aos danos e quebras. Seus ingredientes nutritivos e revitalizantes trabalham em conjunto para fortalecer a estrutura capilar, resultando em fios mais fortes e menos propensos a quebrar. Isso é especialmente benéfico para pessoas que sofrem com cabelos frágeis e danificados.</span><br data-mce-fragment=""1""><span data-mce-fragment=""1"">Outra característica notável deste tônico é a sua capacidade de deixar os cabelos sedosos e macios ao toque. Sua fórmula exclusiva nutre profundamente os fios, hidratando-os e proporcionando uma sensação suave e sedosa. Isso torna os cabelos mais fáceis de pentear e gerenciar, além de conferir um aspecto saudável e brilhante.</span><br data-mce-fragment=""1""><span data-mce-fragment=""1"">O uso regular do Tônico Capilar Rosa Selvagem pode trazer resultados visíveis em pouco tempo. Com sua ação revitalizante, os cabelos se tornam mais volumosos e densos, proporcionando uma aparência mais cheia e abundante. Além disso, o estímulo ao crescimento capilar ajuda a preencher áreas com falhas, resultando em uma cabeleira mais uniforme e com melhor cobertura.</span><br data-mce-fragment=""1""><span data-mce-fragment=""1"">Em resumo, o Tônico Capilar Rosa Selvagem da Rosa Hair é um produto completo e eficaz para o cuidado dos cabelos. Sua fórmula especial revitaliza os fios, estimula o crescimento, controla a oleosidade e fortalece os cabelos, deixando-os sedosos e mais fortes. Se você deseja ter cabelos deslumbrantes e saudáveis, este tônico é a escolha perfeita para incluir em sua rotina de cuidados capilares</span><br data-mce-fragment=""1"">",Minha loja,,"","",true,Title,Default Title,,,,,"",0.0,,0,deny,manual,97.90,109.90,true,false,"",https://cdn.shopify.com/s/files/1/0815/2150/8639/files/01_7c9f09aa-f867-4b5b-97c7-876f6e4ce5ea.webp?v=1693116420,1,,false,,,,,,,,,,,,,,,kg,,,true,true,,,active
rosa-hair-tonico-capilar-1-unidade,,,,,,,,,,,,,,,,,,,,,,,,,https://cdn.shopify.com/s/files/1/0815/2150/8639/files/03_ae3d8281-f5de-4df5-ba9b-8ab7ca975e9d.webp?v=1693116420,2,,,,,,,,,,,,,,,,,,,,,,,,
rosa-hair-tonico-capilar-1-unidade,,,,,,,,,,,,,,,,,,,,,,,,,https://cdn.shopify.com/s/files/1/0815/2150/8639/files/04_990e8717-0de9-4188-8a39-ac8890e35609.webp?v=1693116420,3,,,,,,,,,,,,,,,,,,,,,,,,
rosa-hair-tonico-capilar-1-unidade,,,,,,,,,,,,,,,,,,,,,,,,,https://cdn.shopify.com/s/files/1/0815/2150/8639/files/02_ee792e3c-9a85-47a6-9213-fee16453fb99.webp?v=1693116420,4,,,,,,,,,,,,,,,,,,,,,,,,
rosa-hair-mascara,ROSA HAIR - MÁSCARA,"<p data-mce-fragment=""1""><span style=""font-weight: 400;"" data-mce-style=""font-weight: 400;"" data-mce-fragment=""1"">A<span data-mce-fragment=""1""> </span></span><b data-mce-fragment=""1"">Rosa Hair Máscara</b><span style=""font-weight: 400;"" data-mce-style=""font-weight: 400;"" data-mce-fragment=""1""><span data-mce-fragment=""1""> </span>é um produto altamente eficaz projetado para oferecer cuidados completos aos cabelos. Sua fórmula exclusiva foi desenvolvida com ingredientes de alta qualidade que oferecem uma hidratação intensa e uma nutrição profunda para os fios.</span></p>
<p data-mce-fragment=""1""><span style=""font-weight: 400;"" data-mce-style=""font-weight: 400;"" data-mce-fragment=""1"">Uma das principais vantagens da Rosa Hair Máscara é a sua capacidade de equilibrar a oleosidade do couro cabeludo. Muitas vezes, o excesso de oleosidade pode deixar os cabelos com um aspecto pesado e sem vida. No entanto, essa máscara age de forma equilibrada, regulando a produção de óleo e permitindo que o couro cabeludo respire, resultando em fios revitalizados e com um brilho natural.</span></p>
<p data-mce-fragment=""1""><span style=""font-weight: 400;"" data-mce-style=""font-weight: 400;"" data-mce-fragment=""1"">Além disso, a Rosa Hair Máscara também possui propriedades antioxidantes, anti-inflamatórias e cicatrizantes. Essas características ajudam a combater os danos causados pelos radicais livres, que podem enfraquecer os fios e causar problemas como o envelhecimento precoce dos cabelos. A ação anti-inflamatória contribui para acalmar o couro cabeludo, reduzindo a irritação e a coceira. Já a ação cicatrizante auxilia na recuperação de possíveis ferimentos no couro cabeludo, promovendo um ambiente saudável para o crescimento capilar.</span></p>
<p data-mce-fragment=""1""><span style=""font-weight: 400;"" data-mce-style=""font-weight: 400;"" data-mce-fragment=""1"">Ao usar a Rosa Hair Máscara regularmente, você estará proporcionando ao seu cabelo os cuidados necessários para mantê-lo sempre nutrido e hidratado. Essa máscara é um produto essencial em qualquer rotina de cuidados capilares, pois oferece uma combinação única de benefícios que resultam em fios saudáveis, brilhantes e cheios de vida.</span></p>
<p data-mce-fragment=""1""><span style=""font-weight: 400;"" data-mce-style=""font-weight: 400;"" data-mce-fragment=""1"">Experimente a Rosa Hair Máscara e descubra como é possível transformar a saúde e a aparência dos seus cabelos com um único produto. Cuide dos seus fios com carinho e proporcione a eles a nutrição e hidratação que eles merecem com a Rosa Hair Máscara.</span></p>",Minha loja,,"","",true,Title,Default Title,,,,,"",0.0,,0,deny,manual,89.90,95.90,true,false,"",https://cdn.shopify.com/s/files/1/0815/2150/8639/files/02_e923cd1c-c9af-400c-9842-b788d7c1b535.webp?v=1693117206,1,,false,,,,,,,,,,,,,,,kg,,,true,true,,,active
rosa-hair-mascara,,,,,,,,,,,,,,,,,,,,,,,,,https://cdn.shopify.com/s/files/1/0815/2150/8639/files/03_8d6904cf-c5d4-496d-ae1a-72fd4019f939.webp?v=1693117206,2,,,,,,,,,,,,,,,,,,,,,,,,
rosa-hair-mascara,,,,,,,,,,,,,,,,,,,,,,,,,https://cdn.shopify.com/s/files/1/0815/2150/8639/files/01_3830d745-739d-4021-bc45-bfc98ecb1713.webp?v=1693116274,3,,,,,,,,,,,,,,,,,,,,,,,,
rosa-hair-shampoo-1-unidade,ROSA HAIR - SHAMPOO 1 UNIDADE,"<span data-mce-fragment=""1"">Experimente o incrível Rosa Hair Shampoo e descubra a verdadeira transformação que ele pode proporcionar aos seus cabelos. Com uma fórmula avançada e poderosa, esse shampoo vai além da limpeza básica, oferecendo benefícios excepcionais para a saúde e beleza dos seus fios.</span><br data-mce-fragment=""1""><span data-mce-fragment=""1"">O segredo do Rosa Hair Shampoo está na sua capacidade única de limpar profundamente, removendo resíduos acumulados e impurezas, ao mesmo tempo em que promove uma reestruturação completa dos cabelos danificados. Os ingredientes selecionados com cuidado trabalham em conjunto para reparar os danos, fortalecer os fios e devolver a vitalidade perdida.</span><br data-mce-fragment=""1""><span data-mce-fragment=""1"">Quando você usa o Rosa Hair Shampoo regularmente, notará uma diferença notável na aparência e na textura dos seus cabelos. A fórmula especial penetra nas camadas mais profundas dos fios, proporcionando uma hidratação intensa que restaura o brilho e a maciez. Adeus aos cabelos opacos e sem vida!</span><br data-mce-fragment=""1""><span data-mce-fragment=""1"">Além de seus efeitos revitalizantes, o Rosa Hair Shampoo também oferece benefícios extras para a saúde capilar. Sua ação esfoliante suave remove delicadamente as células mortas do couro cabeludo, estimulando o crescimento de novos fios e ajudando a prevenir problemas como a caspa. Com sua ação antioxidante, ele protege os cabelos contra os danos causados pelos radicais livres, enquanto suas propriedades anti-inflamatórias acalmam o couro cabeludo, reduzindo a irritação e a coceira.</span><br data-mce-fragment=""1""><span data-mce-fragment=""1"">O Rosa Hair Shampoo também é um aliado poderoso na luta contra a quebra e queda dos cabelos. Sua fórmula nutritiva fortalece os fios desde a raiz até as pontas, ajudando a prevenir a quebra e a reduzir a perda de cabelo. Dessa forma, você pode desfrutar de cabelos mais volumosos, densos e saudáveis.</span><br data-mce-fragment=""1""><span data-mce-fragment=""1"">Não perca mais tempo com produtos comuns! Experimente o Rosa Hair Shampoo e dê aos seus cabelos o cuidado especial que eles merecem. Desfrute de fios renovados, cheios de vida e radiantes com saúde. O Rosa Hair Shampoo, a escolha ideal para um cabelo verdadeiramente deslumbrante.</span>",Minha loja,,"","",true,Title,Default Title,,,,,"",0.0,,0,deny,manual,89.90,109.80,true,false,"",https://cdn.shopify.com/s/files/1/0815/2150/8639/files/03_60cfd9ea-e222-47eb-9601-138ea2831036.webp?v=1693116175,1,,false,,,,,,,,,,,,,,,kg,,,true,true,,,active
rosa-hair-shampoo-1-unidade,,,,,,,,,,,,,,,,,,,,,,,,,https://cdn.shopify.com/s/files/1/0815/2150/8639/files/04_36879434-a0c7-451f-b614-3e4fca253d30.webp?v=1693116175,2,,,,,,,,,,,,,,,,,,,,,,,,
rosa-hair-shampoo-1-unidade,,,,,,,,,,,,,,,,,,,,,,,,,https://cdn.shopify.com/s/files/1/0815/2150/8639/files/02_acde8be4-5690-432d-8800-81198f1832ad.webp?v=1693116175,3,,,,,,,,,,,,,,,,,,,,,,,,
rosa-hair-shampoo-1-unidade,,,,,,,,,,,,,,,,,,,,,,,,,https://cdn.shopify.com/s/files/1/0815/2150/8639/files/01_779859e4-8ba0-41bf-917f-048595611c8a.webp?v=1693116175,4,,,,,,,,,,,,,,,,,,,,,,,,
kit-rosa-candy-com-clareador-intimo-oleo,KIT ROSA CANDY COM CLAREADOR ÍNTIMO + ÓLEO,"<p><span data-mce-fragment=""1"">Previne o surgimento de alergias, evita o mau odor, reequilibra o PH da pele e mantém a hidratação.</span></p>
<p><span>Proporciona hidratação e conforto para sua pele, seus ativos estimulam a circulação. Além disso, ajuda a melhorar a aparência da pele.</span></p>",Minha loja,,"","",true,Title,Default Title,,,,,"",0.0,,0,deny,manual,99.90,139.90,true,false,"",https://cdn.shopify.com/s/files/1/0815/2150/8639/files/01_9c3fc01a-e121-4086-9193-afdb621ac3cb.webp?v=1693116016,1,,false,,,,,,,,,,,,,,,kg,,,true,true,,,active
kit-rosa-candy-com-clareador-intimo-oleo,,,,,,,,,,,,,,,,,,,,,,,,,https://cdn.shopify.com/s/files/1/0815/2150/8639/files/03_9e0ba049-2156-4dc4-81f0-129dcbe9d36e.webp?v=1693116016,2,,,,,,,,,,,,,,,,,,,,,,,,
kit-rosa-candy-com-clareador-intimo-oleo,,,,,,,,,,,,,,,,,,,,,,,,,https://cdn.shopify.com/s/files/1/0815/2150/8639/files/02_1b164212-4541-4267-bb6d-8c99a23cd7b4.webp?v=1693116016,3,,,,,,,,,,,,,,,,,,,,,,,,
serum-candy-oil-rosa-selvagem-1-unidade,SÉRUM CANDY OIL ROSA SELVAGEM - 1 UNIDADE,"<p><span data-mce-fragment=""1"">O Sérum Oil Hidratante Íntimo  é um produto revolucionário que combina suavidade e tecnologia avançada em um único produto</span></p>
<h3 class=""ecom__heading ecom-db"">Hidratação e Nutrição Intensa</h3>
<h3 class=""ecom__heading ecom-db"">Calmante e Anti-inflamatório</h3>
<h3 class=""ecom__heading ecom-db"">Revitalização e Regeneração</h3>",Minha loja,,"","",true,Title,Default Title,,,,,"",0.0,,0,deny,manual,49.99,97.99,true,false,"",https://cdn.shopify.com/s/files/1/0815/2150/8639/files/01_fb22d84c-0c91-4f3f-b1d8-30913dc2ec4e.webp?v=1693115860,1,,false,,,,,,,,,,,,,,,kg,,,true,true,,,active
serum-candy-oil-rosa-selvagem-1-unidade,,,,,,,,,,,,,,,,,,,,,,,,,https://cdn.shopify.com/s/files/1/0815/2150/8639/files/03_3086a434-d221-4eff-9321-75a4e5478acb.webp?v=1693115860,2,,,,,,,,,,,,,,,,,,,,,,,,
serum-candy-oil-rosa-selvagem-1-unidade,,,,,,,,,,,,,,,,,,,,,,,,,https://cdn.shopify.com/s/files/1/0815/2150/8639/files/02_77056282-2343-42db-ab1f-829aa81959d8.webp?v=1693115860,3,,,,,,,,,,,,,,,,,,,,,,,,
kit-completo-rosa-candy-clareamento-intimo,KIT COMPLETO - ROSA CANDY CLAREAMENTO ÍNTIMO,"<span data-mce-fragment=""1"">O Sérum Oil Hidratante Íntimo  é um produto revolucionário que combina suavidade e tecnologia avançada em um único produto</span>",Minha loja,,"","",true,Title,Default Title,,,,,"",0.0,,0,deny,manual,149.90,199.00,true,false,"",https://cdn.shopify.com/s/files/1/0815/2150/8639/files/03_ee012abe-ac5b-41e3-ae23-c7cfe87fe0c8.webp?v=1693115618,1,,false,,,,,,,,,,,,,,,kg,,,true,true,,,active
kit-completo-rosa-candy-clareamento-intimo,,,,,,,,,,,,,,,,,,,,,,,,,https://cdn.shopify.com/s/files/1/0815/2150/8639/files/02_55df16e2-0814-4647-a4b0-415da7560b4f.webp?v=1693115619,2,,,,,,,,,,,,,,,,,,,,,,,,
kit-completo-rosa-candy-clareamento-intimo,,,,,,,,,,,,,,,,,,,,,,,,,https://cdn.shopify.com/s/files/1/0815/2150/8639/files/01_36e2aad9-4bfd-427e-b729-ef46987577e2.webp?v=1693115619,3,,,,,,,,,,,,,,,,,,,,,,,,
kit-rosa-candy-clareador-intimo,KIT ROSA CANDY - CLAREADOR ÍNTIMO,"<p><span data-mce-fragment=""1"">Rico em ácidos graxos que nutrem e mantêm a pele hidratada.</span></p>
<p><span data-mce-fragment=""1"">Proporciona hidratação intensa e promove a saúde da pele.</span></p>
<p><span data-mce-fragment=""1"">Uma excelente para nutrição e hidratação, penetra profundamente na pele.</span></p>
<p><span data-mce-fragment=""1"">Rico em Vitamina E, proporciona hidratação profunda e nutrição à pele.</span></p>
<p><span data-mce-fragment=""1"">Com propriedades calmantes e anti-inflamatórias, ótimo para peles sensíveis.</span></p>
<p> </p>",Minha loja,,"","",true,Title,Default Title,,,,,"",0.0,,0,deny,manual,199.99,219.90,true,false,"",https://cdn.shopify.com/s/files/1/0815/2150/8639/files/04_ea3918c4-c456-4cde-934a-2dc522809f2f.webp?v=1693115482,1,,false,,,,,,,,,,,,,,,kg,,,true,true,,,active
kit-rosa-candy-clareador-intimo,,,,,,,,,,,,,,,,,,,,,,,,,https://cdn.shopify.com/s/files/1/0815/2150/8639/files/03_c97f4e75-d64c-4cb5-8e9d-04a7faa11af2.webp?v=1693115482,2,,,,,,,,,,,,,,,,,,,,,,,,
kit-rosa-candy-clareador-intimo,,,,,,,,,,,,,,,,,,,,,,,,,https://cdn.shopify.com/s/files/1/0815/2150/8639/files/02_5e008b95-ca27-484e-a5a2-37fe753d6752.webp?v=1693115482,3,,,,,,,,,,,,,,,,,,,,,,,,
kit-rosa-candy-clareador-intimo,,,,,,,,,,,,,,,,,,,,,,,,,https://cdn.shopify.com/s/files/1/0815/2150/8639/files/01_56c10505-4029-4d86-b479-5428d58dabde.webp?v=1693115482,4,,,,,,,,,,,,,,,,,,,,,,,,
duplo-clareamento,DUPLO CLAREAMENTO,"<span data-mce-fragment=""1"">Apresentamos o Óleo Clareador Corporal Rosa Selvagem - Ilumine Sua Beleza Natural! </span><span data-mce-fragment=""1"">Descubra o segredo da pele radiante e luminosa com o nosso Óleo Clareador Corporal Rosa Selvagem. </span><span data-mce-fragment=""1"">Enriquecido com ingredientes naturais e nutritivos, este óleo é projetado para proporcionar um cuidado completo à sua pele, ao mesmo tempo que promove um clareamento suave e uniforme. </span><span data-mce-fragment=""1"">Benefícios: 1. Clareamento Suave: Formulado com extrato de rosa selvagem, este óleo oferece um clareamento suave e natural, ajudando a reduzir a aparência de manchas escuras e descolorações na pele. </span><span data-mce-fragment=""1"">2. Hidrata</span>",Minha loja,,"","",true,Title,Default Title,,,,,"",0.0,,0,deny,manual,105.99,139.90,true,false,"",https://cdn.shopify.com/s/files/1/0815/2150/8639/files/01_e3a85318-2d8b-46cd-bdc3-4ebc6649489d.webp?v=1693115139,1,,false,,,,,,,,,,,,,,,kg,,,true,true,,,active
duplo-clareamento,,,,,,,,,,,,,,,,,,,,,,,,,https://cdn.shopify.com/s/files/1/0815/2150/8639/files/03_2f68d191-ee78-45b8-94e7-ab54fa300bf1.webp?v=1693115139,2,,,,,,,,,,,,,,,,,,,,,,,,
duplo-clareamento,,,,,,,,,,,,,,,,,,,,,,,,,https://cdn.shopify.com/s/files/1/0815/2150/8639/files/02_3b503f68-8b23-4bd0-9e65-5345cc0d2eb5.webp?v=1693115139,3,,,,,,,,,,,,,,,,,,,,,,,,
compre-2-ganhe-3-mega-rosa-selvagem,Compre 2 ganhe 3 MEGA ROSA SELVAGEM,"<p><span data-mce-fragment=""1"">O Kit para o cuidado com a região danificada da pele é uma combinação perfeita de produtos formulados...</span></p>
<p><span>O óleo corporal possui ação clareadora, rejuvenescedora e suavizante da pele.</span></p>
<p><span>O óleo corporal é formulado com óleo de girassol, óleo de amêndoas, rosa mosqueta e tecnologia biomimética.</span></p>",Minha loja,,"","",true,Title,Default Title,,,,,"",0.0,,0,deny,manual,89.90,99.99,true,false,"",https://cdn.shopify.com/s/files/1/0815/2150/8639/files/01_02798c74-a3db-44a5-aadc-9f64ea40572d.webp?v=1693114929,1,,false,,,,,,,,,,,,,,,kg,,,true,true,,,active
compre-2-ganhe-3-mega-rosa-selvagem,,,,,,,,,,,,,,,,,,,,,,,,,https://cdn.shopify.com/s/files/1/0815/2150/8639/files/04_cf5be908-b6ee-4475-b9d5-04b2d835c9f5.webp?v=1693114929,2,,,,,,,,,,,,,,,,,,,,,,,,
compre-2-ganhe-3-mega-rosa-selvagem,,,,,,,,,,,,,,,,,,,,,,,,,https://cdn.shopify.com/s/files/1/0815/2150/8639/files/03_39b8d761-27dc-414a-9c2a-160b100b4272.webp?v=1693114929,3,,,,,,,,,,,,,,,,,,,,,,,,
compre-2-ganhe-3-mega-rosa-selvagem,,,,,,,,,,,,,,,,,,,,,,,,,https://cdn.shopify.com/s/files/1/0815/2150/8639/files/02_993cf053-214a-4021-97b2-8dbdfa5458ae.webp?v=1693114929,4,,,,,,,,,,,,,,,,,,,,,,,,
rosa-selvagem-clareador-corporal-oil,ROSA SELVAGEM - CLAREADOR CORPORAL OIL,"<p><span data-mce-fragment=""1"">Apresentamos um incrível óleo corporal que incorpora a mais avançada tecnologia biomimética, combinada com ingredientes naturais cuidadosamente selecionados...</span></p>
<p><span data-mce-fragment=""1"">O óleo corporal alivia irritações, combate a foliculite, ameniza o aspecto das estrias, ajuda no processo de cicatrização, hidrata, amacia e nutre a pele. Além disso, possui ação antioxidante, auxilia na desinflamação e estimula a produção de colágeno e elastina.</span></p>
<p><span>O óleo corporal é formulado com óleo de girassol, óleo de amêndoas, rosa mosqueta e tecnologia biomimética.</span></p>",Minha loja,,"","",true,Title,Default Title,,,,,"",0.0,,0,deny,manual,49.99,99.99,true,false,"",https://cdn.shopify.com/s/files/1/0815/2150/8639/files/01_14b1c85d-6440-4f45-ac9d-692187ef2307.webp?v=1693114443,1,,false,,,,,,,,,,,,,,,kg,,,true,true,,,active
rosa-selvagem-clareador-corporal-oil,,,,,,,,,,,,,,,,,,,,,,,,,https://cdn.shopify.com/s/files/1/0815/2150/8639/files/02_1e8a41ed-071b-4964-8023-ca7d59dc2f2a.webp?v=1693114443,2,,,,,,,,,,,,,,,,,,,,,,,,
rosa-selvagem-clareador-corporal-oil,,,,,,,,,,,,,,,,,,,,,,,,,https://cdn.shopify.com/s/files/1/0815/2150/8639/files/04_b5d540ad-6237-4d6a-a3ab-1a7ba2baf5ea.webp?v=1693114443,3,,,,,,,,,,,,,,,,,,,,,,,,
rosa-selvagem-clareador-corporal-oil,,,,,,,,,,,,,,,,,,,,,,,,,https://cdn.shopify.com/s/files/1/0815/2150/8639/files/03_a7ce3dee-d286-4db1-826c-c604ee83e2a1.webp?v=1693114443,4,,,,,,,,,,,,,,,,,,,,,,,,
kit-clareador,KIT CLAREADOR,"<p><span data-mce-fragment=""1"">O Óleo Corporal Rosa Selvagem, possui ação clareadora, que rejuvenesce e suaviza a pele, enquanto alivia as irritações,...</span></p>
<p><span data-mce-fragment=""1"">O óleo corporal alivia irritações, combate a foliculite, ameniza o aspecto das estrias, ajuda no processo de cicatrização, hidrata, amacia e nutre a pele. Além disso, possui ação antioxidante, auxilia na desinflamação e estimula a produção de colágeno e elastina.</span></p>",Minha loja,,"","",true,Title,Default Title,,,,,"",0.0,,0,deny,manual,129.90,199.90,true,false,"",https://cdn.shopify.com/s/files/1/0815/2150/8639/files/01.webp?v=1693114090,1,,false,,,,,,,,,,,,,,,kg,,,true,true,,,active
kit-clareador,,,,,,,,,,,,,,,,,,,,,,,,,https://cdn.shopify.com/s/files/1/0815/2150/8639/files/02.webp?v=1693114091,2,,,,,,,,,,,,,,,,,,,,,,,,
kit-clareador,,,,,,,,,,,,,,,,,,,,,,,,,https://cdn.shopify.com/s/files/1/0815/2150/8639/files/04.webp?v=1693114091,3,,,,,,,,,,,,,,,,,,,,,,,,
kit-clareador,,,,,,,,,,,,,,,,,,,,,,,,,https://cdn.shopify.com/s/files/1/0815/2150/8639/files/03.webp?v=1693114091,4,,,,,,,,,,,,,,,,,,,,,,,,
